date,gov_samba_price,gov_nadu_price,gov_keeri_price,gov_price_source
2022-01-01,80.0,75.0,90.0,PMB Gazette 2021/10
2022-01-02,80.0,75.0,90.0,PMB Gazette 2021/10
2022-01-03,80.0,75.0,90.0,PMB Gazette 2021/10
2022-01-04,80.0,75.0,90.0,PMB Gazette 2021/10
2022-01-05,80.0,75.0,90.0,PMB Gazette 2021/10
2022-01-06,80.0,75.0,90.0,PMB Gazette 2021/10
2022-01-07,80.0,75.0,90.0,PMB Gazette 2021/10
2022-01-08,80.0,75.0,90.0,PMB Gazette 2021/10
2022-01-09,80.0,75.0,90.0,PMB Gazette 2021/10
2022-01-10,80.0,75.0,90.0,PMB Gazette 2021/10
2022-01-11,80.0,75.0,90.0,PMB Gazette 2021/10
2022-01-12,80.0,75.0,90.0,PMB Gazette 2021/10
2022-01-13,80.0,75.0,90.0,PMB Gazette 2021/10
2022-01-14,80.0,75.0,90.0,PMB Gazette 2021/10
2022-01-15,80.0,75.0,90.0,PMB Gazette 2021/10
2022-01-16,80.0,75.0,90.0,PMB Gazette 2021/10
2022-01-17,80.0,75.0,90.0,PMB Gazette 2021/10
2022-01-18,80.0,75.0,90.0,PMB Gazette 2021/10
2022-01-19,80.0,75.0,90.0,PMB Gazette 2021/10
2022-01-20,80.0,75.0,90.0,PMB Gazette 2021/10
2022-01-21,80.0,75.0,90.0,PMB Gazette 2021/10
2022-01-22,80.0,75.0,90.0,PMB Gazette 2021/10
2022-01-23,80.0,75.0,90.0,PMB Gazette 2021/10
2022-01-24,80.0,75.0,90.0,PMB Gazette 2021/10
2022-01-25,80.0,75.0,90.0,PMB Gazette 2021/10
2022-01-26,80.0,75.0,90.0,PMB Gazette 2021/10
2022-01-27,80.0,75.0,90.0,PMB Gazette 2021/10
2022-01-28,80.0,75.0,90.0,PMB Gazette 2021/10
2022-01-29,80.0,75.0,90.0,PMB Gazette 2021/10
2022-01-30,80.0,75.0,90.0,PMB Gazette 2021/10
2022-01-31,80.0,75.0,90.0,PMB Gazette 2021/10
2022-02-01,80.0,75.0,90.0,PMB Gazette 2021/10
2022-02-02,80.0,75.0,90.0,PMB Gazette 2021/10
2022-02-03,80.0,75.0,90.0,PMB Gazette 2021/10
2022-02-04,80.0,75.0,90.0,PMB Gazette 2021/10
2022-02-05,80.0,75.0,90.0,PMB Gazette 2021/10
2022-02-06,80.0,75.0,90.0,PMB Gazette 2021/10
2022-02-07,80.0,75.0,90.0,PMB Gazette 2021/10
2022-02-08,80.0,75.0,90.0,PMB Gazette 2021/10
2022-02-09,80.0,75.0,90.0,PMB Gazette 2021/10
2022-02-10,80.0,75.0,90.0,PMB Gazette 2021/10
2022-02-11,80.0,75.0,90.0,PMB Gazette 2021/10
2022-02-12,80.0,75.0,90.0,PMB Gazette 2021/10
2022-02-13,80.0,75.0,90.0,PMB Gazette 2021/10
2022-02-14,80.0,75.0,90.0,PMB Gazette 2021/10
2022-02-15,80.0,75.0,90.0,PMB Gazette 2021/10
2022-02-16,80.0,75.0,90.0,PMB Gazette 2021/10
2022-02-17,80.0,75.0,90.0,PMB Gazette 2021/10
2022-02-18,80.0,75.0,90.0,PMB Gazette 2021/10
2022-02-19,80.0,75.0,90.0,PMB Gazette 2021/10
2022-02-20,80.0,75.0,90.0,PMB Gazette 2021/10
2022-02-21,80.0,75.0,90.0,PMB Gazette 2021/10
2022-02-22,80.0,75.0,90.0,PMB Gazette 2021/10
2022-02-23,80.0,75.0,90.0,PMB Gazette 2021/10
2022-02-24,80.0,75.0,90.0,PMB Gazette 2021/10
2022-02-25,80.0,75.0,90.0,PMB Gazette 2021/10
2022-02-26,80.0,75.0,90.0,PMB Gazette 2021/10
2022-02-27,80.0,75.0,90.0,PMB Gazette 2021/10
2022-02-28,80.0,75.0,90.0,PMB Gazette 2021/10
2022-03-01,80.0,75.0,90.0,PMB Gazette 2021/10
2022-03-02,80.0,75.0,90.0,PMB Gazette 2021/10
2022-03-03,80.0,75.0,90.0,PMB Gazette 2021/10
2022-03-04,80.0,75.0,90.0,PMB Gazette 2021/10
2022-03-05,80.0,75.0,90.0,PMB Gazette 2021/10
2022-03-06,80.0,75.0,90.0,PMB Gazette 2021/10
2022-03-07,80.0,75.0,90.0,PMB Gazette 2021/10
2022-03-08,80.0,75.0,90.0,PMB Gazette 2021/10
2022-03-09,80.0,75.0,90.0,PMB Gazette 2021/10
2022-03-10,80.0,75.0,90.0,PMB Gazette 2021/10
2022-03-11,80.0,75.0,90.0,PMB Gazette 2021/10
2022-03-12,80.0,75.0,90.0,PMB Gazette 2021/10
2022-03-13,80.0,75.0,90.0,PMB Gazette 2021/10
2022-03-14,80.0,75.0,90.0,PMB Gazette 2021/10
2022-03-15,80.0,75.0,90.0,PMB Gazette 2021/10
2022-03-16,80.0,75.0,90.0,PMB Gazette 2021/10
2022-03-17,80.0,75.0,90.0,PMB Gazette 2021/10
2022-03-18,80.0,75.0,90.0,PMB Gazette 2021/10
2022-03-19,80.0,75.0,90.0,PMB Gazette 2021/10
2022-03-20,80.0,75.0,90.0,PMB Gazette 2021/10
2022-03-21,80.0,75.0,90.0,PMB Gazette 2021/10
2022-03-22,80.0,75.0,90.0,PMB Gazette 2021/10
2022-03-23,80.0,75.0,90.0,PMB Gazette 2021/10
2022-03-24,80.0,75.0,90.0,PMB Gazette 2021/10
2022-03-25,80.0,75.0,90.0,PMB Gazette 2021/10
2022-03-26,80.0,75.0,90.0,PMB Gazette 2021/10
2022-03-27,80.0,75.0,90.0,PMB Gazette 2021/10
2022-03-28,80.0,75.0,90.0,PMB Gazette 2021/10
2022-03-29,80.0,75.0,90.0,PMB Gazette 2021/10
2022-03-30,80.0,75.0,90.0,PMB Gazette 2021/10
2022-03-31,80.0,75.0,90.0,PMB Gazette 2021/10
2022-04-01,80.0,75.0,90.0,PMB Gazette 2021/10
2022-04-02,80.0,75.0,90.0,PMB Gazette 2021/10
2022-04-03,80.0,75.0,90.0,PMB Gazette 2021/10
2022-04-04,80.0,75.0,90.0,PMB Gazette 2021/10
2022-04-05,80.0,75.0,90.0,PMB Gazette 2021/10
2022-04-06,80.0,75.0,90.0,PMB Gazette 2021/10
2022-04-07,80.0,75.0,90.0,PMB Gazette 2021/10
2022-04-08,80.0,75.0,90.0,PMB Gazette 2021/10
2022-04-09,80.0,75.0,90.0,PMB Gazette 2021/10
2022-04-10,80.0,75.0,90.0,PMB Gazette 2021/10
2022-04-11,80.0,75.0,90.0,PMB Gazette 2021/10
2022-04-12,80.0,75.0,90.0,PMB Gazette 2021/10
2022-04-13,80.0,75.0,90.0,PMB Gazette 2021/10
2022-04-14,80.0,75.0,90.0,PMB Gazette 2021/10
2022-04-15,80.0,75.0,90.0,PMB Gazette 2021/10
2022-04-16,80.0,75.0,90.0,PMB Gazette 2021/10
2022-04-17,80.0,75.0,90.0,PMB Gazette 2021/10
2022-04-18,80.0,75.0,90.0,PMB Gazette 2021/10
2022-04-19,80.0,75.0,90.0,PMB Gazette 2021/10
2022-04-20,80.0,75.0,90.0,PMB Gazette 2021/10
2022-04-21,80.0,75.0,90.0,PMB Gazette 2021/10
2022-04-22,80.0,75.0,90.0,PMB Gazette 2021/10
2022-04-23,80.0,75.0,90.0,PMB Gazette 2021/10
2022-04-24,80.0,75.0,90.0,PMB Gazette 2021/10
2022-04-25,80.0,75.0,90.0,PMB Gazette 2021/10
2022-04-26,80.0,75.0,90.0,PMB Gazette 2021/10
2022-04-27,80.0,75.0,90.0,PMB Gazette 2021/10
2022-04-28,80.0,75.0,90.0,PMB Gazette 2021/10
2022-04-29,80.0,75.0,90.0,PMB Gazette 2021/10
2022-04-30,80.0,75.0,90.0,PMB Gazette 2021/10
2022-05-01,85.0,80.0,95.0,PMB Gazette 2022/04
2022-05-02,85.0,80.0,95.0,PMB Gazette 2022/04
2022-05-03,85.0,80.0,95.0,PMB Gazette 2022/04
2022-05-04,85.0,80.0,95.0,PMB Gazette 2022/04
2022-05-05,85.0,80.0,95.0,PMB Gazette 2022/04
2022-05-06,85.0,80.0,95.0,PMB Gazette 2022/04
2022-05-07,85.0,80.0,95.0,PMB Gazette 2022/04
2022-05-08,85.0,80.0,95.0,PMB Gazette 2022/04
2022-05-09,85.0,80.0,95.0,PMB Gazette 2022/04
2022-05-10,85.0,80.0,95.0,PMB Gazette 2022/04
2022-05-11,85.0,80.0,95.0,PMB Gazette 2022/04
2022-05-12,85.0,80.0,95.0,PMB Gazette 2022/04
2022-05-13,85.0,80.0,95.0,PMB Gazette 2022/04
2022-05-14,85.0,80.0,95.0,PMB Gazette 2022/04
2022-05-15,85.0,80.0,95.0,PMB Gazette 2022/04
2022-05-16,85.0,80.0,95.0,PMB Gazette 2022/04
2022-05-17,85.0,80.0,95.0,PMB Gazette 2022/04
2022-05-18,85.0,80.0,95.0,PMB Gazette 2022/04
2022-05-19,85.0,80.0,95.0,PMB Gazette 2022/04
2022-05-20,85.0,80.0,95.0,PMB Gazette 2022/04
2022-05-21,85.0,80.0,95.0,PMB Gazette 2022/04
2022-05-22,85.0,80.0,95.0,PMB Gazette 2022/04
2022-05-23,85.0,80.0,95.0,PMB Gazette 2022/04
2022-05-24,85.0,80.0,95.0,PMB Gazette 2022/04
2022-05-25,85.0,80.0,95.0,PMB Gazette 2022/04
2022-05-26,85.0,80.0,95.0,PMB Gazette 2022/04
2022-05-27,85.0,80.0,95.0,PMB Gazette 2022/04
2022-05-28,85.0,80.0,95.0,PMB Gazette 2022/04
2022-05-29,85.0,80.0,95.0,PMB Gazette 2022/04
2022-05-30,85.0,80.0,95.0,PMB Gazette 2022/04
2022-05-31,85.0,80.0,95.0,PMB Gazette 2022/04
2022-06-01,85.0,80.0,95.0,PMB Gazette 2022/04
2022-06-02,85.0,80.0,95.0,PMB Gazette 2022/04
2022-06-03,85.0,80.0,95.0,PMB Gazette 2022/04
2022-06-04,85.0,80.0,95.0,PMB Gazette 2022/04
2022-06-05,85.0,80.0,95.0,PMB Gazette 2022/04
2022-06-06,85.0,80.0,95.0,PMB Gazette 2022/04
2022-06-07,85.0,80.0,95.0,PMB Gazette 2022/04
2022-06-08,85.0,80.0,95.0,PMB Gazette 2022/04
2022-06-09,85.0,80.0,95.0,PMB Gazette 2022/04
2022-06-10,85.0,80.0,95.0,PMB Gazette 2022/04
2022-06-11,85.0,80.0,95.0,PMB Gazette 2022/04
2022-06-12,85.0,80.0,95.0,PMB Gazette 2022/04
2022-06-13,85.0,80.0,95.0,PMB Gazette 2022/04
2022-06-14,85.0,80.0,95.0,PMB Gazette 2022/04
2022-06-15,85.0,80.0,95.0,PMB Gazette 2022/04
2022-06-16,85.0,80.0,95.0,PMB Gazette 2022/04
2022-06-17,85.0,80.0,95.0,PMB Gazette 2022/04
2022-06-18,85.0,80.0,95.0,PMB Gazette 2022/04
2022-06-19,85.0,80.0,95.0,PMB Gazette 2022/04
2022-06-20,85.0,80.0,95.0,PMB Gazette 2022/04
2022-06-21,85.0,80.0,95.0,PMB Gazette 2022/04
2022-06-22,85.0,80.0,95.0,PMB Gazette 2022/04
2022-06-23,85.0,80.0,95.0,PMB Gazette 2022/04
2022-06-24,85.0,80.0,95.0,PMB Gazette 2022/04
2022-06-25,85.0,80.0,95.0,PMB Gazette 2022/04
2022-06-26,85.0,80.0,95.0,PMB Gazette 2022/04
2022-06-27,85.0,80.0,95.0,PMB Gazette 2022/04
2022-06-28,85.0,80.0,95.0,PMB Gazette 2022/04
2022-06-29,85.0,80.0,95.0,PMB Gazette 2022/04
2022-06-30,85.0,80.0,95.0,PMB Gazette 2022/04
2022-07-01,85.0,80.0,95.0,PMB Gazette 2022/04
2022-07-02,85.0,80.0,95.0,PMB Gazette 2022/04
2022-07-03,85.0,80.0,95.0,PMB Gazette 2022/04
2022-07-04,85.0,80.0,95.0,PMB Gazette 2022/04
2022-07-05,85.0,80.0,95.0,PMB Gazette 2022/04
2022-07-06,85.0,80.0,95.0,PMB Gazette 2022/04
2022-07-07,85.0,80.0,95.0,PMB Gazette 2022/04
2022-07-08,85.0,80.0,95.0,PMB Gazette 2022/04
2022-07-09,85.0,80.0,95.0,PMB Gazette 2022/04
2022-07-10,85.0,80.0,95.0,PMB Gazette 2022/04
2022-07-11,85.0,80.0,95.0,PMB Gazette 2022/04
2022-07-12,85.0,80.0,95.0,PMB Gazette 2022/04
2022-07-13,85.0,80.0,95.0,PMB Gazette 2022/04
2022-07-14,85.0,80.0,95.0,PMB Gazette 2022/04
2022-07-15,85.0,80.0,95.0,PMB Gazette 2022/04
2022-07-16,85.0,80.0,95.0,PMB Gazette 2022/04
2022-07-17,85.0,80.0,95.0,PMB Gazette 2022/04
2022-07-18,85.0,80.0,95.0,PMB Gazette 2022/04
2022-07-19,85.0,80.0,95.0,PMB Gazette 2022/04
2022-07-20,85.0,80.0,95.0,PMB Gazette 2022/04
2022-07-21,85.0,80.0,95.0,PMB Gazette 2022/04
2022-07-22,85.0,80.0,95.0,PMB Gazette 2022/04
2022-07-23,85.0,80.0,95.0,PMB Gazette 2022/04
2022-07-24,85.0,80.0,95.0,PMB Gazette 2022/04
2022-07-25,85.0,80.0,95.0,PMB Gazette 2022/04
2022-07-26,85.0,80.0,95.0,PMB Gazette 2022/04
2022-07-27,85.0,80.0,95.0,PMB Gazette 2022/04
2022-07-28,85.0,80.0,95.0,PMB Gazette 2022/04
2022-07-29,85.0,80.0,95.0,PMB Gazette 2022/04
2022-07-30,85.0,80.0,95.0,PMB Gazette 2022/04
2022-07-31,85.0,80.0,95.0,PMB Gazette 2022/04
2022-08-01,85.0,80.0,95.0,PMB Gazette 2022/04
2022-08-02,85.0,80.0,95.0,PMB Gazette 2022/04
2022-08-03,85.0,80.0,95.0,PMB Gazette 2022/04
2022-08-04,85.0,80.0,95.0,PMB Gazette 2022/04
2022-08-05,85.0,80.0,95.0,PMB Gazette 2022/04
2022-08-06,85.0,80.0,95.0,PMB Gazette 2022/04
2022-08-07,85.0,80.0,95.0,PMB Gazette 2022/04
2022-08-08,85.0,80.0,95.0,PMB Gazette 2022/04
2022-08-09,85.0,80.0,95.0,PMB Gazette 2022/04
2022-08-10,85.0,80.0,95.0,PMB Gazette 2022/04
2022-08-11,85.0,80.0,95.0,PMB Gazette 2022/04
2022-08-12,85.0,80.0,95.0,PMB Gazette 2022/04
2022-08-13,85.0,80.0,95.0,PMB Gazette 2022/04
2022-08-14,85.0,80.0,95.0,PMB Gazette 2022/04
2022-08-15,85.0,80.0,95.0,PMB Gazette 2022/04
2022-08-16,85.0,80.0,95.0,PMB Gazette 2022/04
2022-08-17,85.0,80.0,95.0,PMB Gazette 2022/04
2022-08-18,85.0,80.0,95.0,PMB Gazette 2022/04
2022-08-19,85.0,80.0,95.0,PMB Gazette 2022/04
2022-08-20,85.0,80.0,95.0,PMB Gazette 2022/04
2022-08-21,85.0,80.0,95.0,PMB Gazette 2022/04
2022-08-22,85.0,80.0,95.0,PMB Gazette 2022/04
2022-08-23,85.0,80.0,95.0,PMB Gazette 2022/04
2022-08-24,85.0,80.0,95.0,PMB Gazette 2022/04
2022-08-25,85.0,80.0,95.0,PMB Gazette 2022/04
2022-08-26,85.0,80.0,95.0,PMB Gazette 2022/04
2022-08-27,85.0,80.0,95.0,PMB Gazette 2022/04
2022-08-28,85.0,80.0,95.0,PMB Gazette 2022/04
2022-08-29,85.0,80.0,95.0,PMB Gazette 2022/04
2022-08-30,85.0,80.0,95.0,PMB Gazette 2022/04
2022-08-31,85.0,80.0,95.0,PMB Gazette 2022/04
2022-09-01,85.0,80.0,95.0,PMB Gazette 2022/04
2022-09-02,85.0,80.0,95.0,PMB Gazette 2022/04
2022-09-03,85.0,80.0,95.0,PMB Gazette 2022/04
2022-09-04,85.0,80.0,95.0,PMB Gazette 2022/04
2022-09-05,85.0,80.0,95.0,PMB Gazette 2022/04
2022-09-06,85.0,80.0,95.0,PMB Gazette 2022/04
2022-09-07,85.0,80.0,95.0,PMB Gazette 2022/04
2022-09-08,85.0,80.0,95.0,PMB Gazette 2022/04
2022-09-09,85.0,80.0,95.0,PMB Gazette 2022/04
2022-09-10,85.0,80.0,95.0,PMB Gazette 2022/04
2022-09-11,85.0,80.0,95.0,PMB Gazette 2022/04
2022-09-12,85.0,80.0,95.0,PMB Gazette 2022/04
2022-09-13,85.0,80.0,95.0,PMB Gazette 2022/04
2022-09-14,85.0,80.0,95.0,PMB Gazette 2022/04
2022-09-15,85.0,80.0,95.0,PMB Gazette 2022/04
2022-09-16,85.0,80.0,95.0,PMB Gazette 2022/04
2022-09-17,85.0,80.0,95.0,PMB Gazette 2022/04
2022-09-18,85.0,80.0,95.0,PMB Gazette 2022/04
2022-09-19,85.0,80.0,95.0,PMB Gazette 2022/04
2022-09-20,85.0,80.0,95.0,PMB Gazette 2022/04
2022-09-21,85.0,80.0,95.0,PMB Gazette 2022/04
2022-09-22,85.0,80.0,95.0,PMB Gazette 2022/04
2022-09-23,85.0,80.0,95.0,PMB Gazette 2022/04
2022-09-24,85.0,80.0,95.0,PMB Gazette 2022/04
2022-09-25,85.0,80.0,95.0,PMB Gazette 2022/04
2022-09-26,85.0,80.0,95.0,PMB Gazette 2022/04
2022-09-27,85.0,80.0,95.0,PMB Gazette 2022/04
2022-09-28,85.0,80.0,95.0,PMB Gazette 2022/04
2022-09-29,85.0,80.0,95.0,PMB Gazette 2022/04
2022-09-30,85.0,80.0,95.0,PMB Gazette 2022/04
2022-10-01,95.0,90.0,105.0,PMB Gazette 2022/10
2022-10-02,95.0,90.0,105.0,PMB Gazette 2022/10
2022-10-03,95.0,90.0,105.0,PMB Gazette 2022/10
2022-10-04,95.0,90.0,105.0,PMB Gazette 2022/10
2022-10-05,95.0,90.0,105.0,PMB Gazette 2022/10
2022-10-06,95.0,90.0,105.0,PMB Gazette 2022/10
2022-10-07,95.0,90.0,105.0,PMB Gazette 2022/10
2022-10-08,95.0,90.0,105.0,PMB Gazette 2022/10
2022-10-09,95.0,90.0,105.0,PMB Gazette 2022/10
2022-10-10,95.0,90.0,105.0,PMB Gazette 2022/10
2022-10-11,95.0,90.0,105.0,PMB Gazette 2022/10
2022-10-12,95.0,90.0,105.0,PMB Gazette 2022/10
2022-10-13,95.0,90.0,105.0,PMB Gazette 2022/10
2022-10-14,95.0,90.0,105.0,PMB Gazette 2022/10
2022-10-15,95.0,90.0,105.0,PMB Gazette 2022/10
2022-10-16,95.0,90.0,105.0,PMB Gazette 2022/10
2022-10-17,95.0,90.0,105.0,PMB Gazette 2022/10
2022-10-18,95.0,90.0,105.0,PMB Gazette 2022/10
2022-10-19,95.0,90.0,105.0,PMB Gazette 2022/10
2022-10-20,95.0,90.0,105.0,PMB Gazette 2022/10
2022-10-21,95.0,90.0,105.0,PMB Gazette 2022/10
2022-10-22,95.0,90.0,105.0,PMB Gazette 2022/10
2022-10-23,95.0,90.0,105.0,PMB Gazette 2022/10
2022-10-24,95.0,90.0,105.0,PMB Gazette 2022/10
2022-10-25,95.0,90.0,105.0,PMB Gazette 2022/10
2022-10-26,95.0,90.0,105.0,PMB Gazette 2022/10
2022-10-27,95.0,90.0,105.0,PMB Gazette 2022/10
2022-10-28,95.0,90.0,105.0,PMB Gazette 2022/10
2022-10-29,95.0,90.0,105.0,PMB Gazette 2022/10
2022-10-30,95.0,90.0,105.0,PMB Gazette 2022/10
2022-10-31,95.0,90.0,105.0,PMB Gazette 2022/10
2022-11-01,95.0,90.0,105.0,PMB Gazette 2022/10
2022-11-02,95.0,90.0,105.0,PMB Gazette 2022/10
2022-11-03,95.0,90.0,105.0,PMB Gazette 2022/10
2022-11-04,95.0,90.0,105.0,PMB Gazette 2022/10
2022-11-05,95.0,90.0,105.0,PMB Gazette 2022/10
2022-11-06,95.0,90.0,105.0,PMB Gazette 2022/10
2022-11-07,95.0,90.0,105.0,PMB Gazette 2022/10
2022-11-08,95.0,90.0,105.0,PMB Gazette 2022/10
2022-11-09,95.0,90.0,105.0,PMB Gazette 2022/10
2022-11-10,95.0,90.0,105.0,PMB Gazette 2022/10
2022-11-11,95.0,90.0,105.0,PMB Gazette 2022/10
2022-11-12,95.0,90.0,105.0,PMB Gazette 2022/10
2022-11-13,95.0,90.0,105.0,PMB Gazette 2022/10
2022-11-14,95.0,90.0,105.0,PMB Gazette 2022/10
2022-11-15,95.0,90.0,105.0,PMB Gazette 2022/10
2022-11-16,95.0,90.0,105.0,PMB Gazette 2022/10
2022-11-17,95.0,90.0,105.0,PMB Gazette 2022/10
2022-11-18,95.0,90.0,105.0,PMB Gazette 2022/10
2022-11-19,95.0,90.0,105.0,PMB Gazette 2022/10
2022-11-20,95.0,90.0,105.0,PMB Gazette 2022/10
2022-11-21,95.0,90.0,105.0,PMB Gazette 2022/10
2022-11-22,95.0,90.0,105.0,PMB Gazette 2022/10
2022-11-23,95.0,90.0,105.0,PMB Gazette 2022/10
2022-11-24,95.0,90.0,105.0,PMB Gazette 2022/10
2022-11-25,95.0,90.0,105.0,PMB Gazette 2022/10
2022-11-26,95.0,90.0,105.0,PMB Gazette 2022/10
2022-11-27,95.0,90.0,105.0,PMB Gazette 2022/10
2022-11-28,95.0,90.0,105.0,PMB Gazette 2022/10
2022-11-29,95.0,90.0,105.0,PMB Gazette 2022/10
2022-11-30,95.0,90.0,105.0,PMB Gazette 2022/10
2022-12-01,95.0,90.0,105.0,PMB Gazette 2022/10
2022-12-02,95.0,90.0,105.0,PMB Gazette 2022/10
2022-12-03,95.0,90.0,105.0,PMB Gazette 2022/10
2022-12-04,95.0,90.0,105.0,PMB Gazette 2022/10
2022-12-05,95.0,90.0,105.0,PMB Gazette 2022/10
2022-12-06,95.0,90.0,105.0,PMB Gazette 2022/10
2022-12-07,95.0,90.0,105.0,PMB Gazette 2022/10
2022-12-08,95.0,90.0,105.0,PMB Gazette 2022/10
2022-12-09,95.0,90.0,105.0,PMB Gazette 2022/10
2022-12-10,95.0,90.0,105.0,PMB Gazette 2022/10
2022-12-11,95.0,90.0,105.0,PMB Gazette 2022/10
2022-12-12,95.0,90.0,105.0,PMB Gazette 2022/10
2022-12-13,95.0,90.0,105.0,PMB Gazette 2022/10
2022-12-14,95.0,90.0,105.0,PMB Gazette 2022/10
2022-12-15,95.0,90.0,105.0,PMB Gazette 2022/10
2022-12-16,95.0,90.0,105.0,PMB Gazette 2022/10
2022-12-17,95.0,90.0,105.0,PMB Gazette 2022/10
2022-12-18,95.0,90.0,105.0,PMB Gazette 2022/10
2022-12-19,95.0,90.0,105.0,PMB Gazette 2022/10
2022-12-20,95.0,90.0,105.0,PMB Gazette 2022/10
2022-12-21,95.0,90.0,105.0,PMB Gazette 2022/10
2022-12-22,95.0,90.0,105.0,PMB Gazette 2022/10
2022-12-23,95.0,90.0,105.0,PMB Gazette 2022/10
2022-12-24,95.0,90.0,105.0,PMB Gazette 2022/10
2022-12-25,95.0,90.0,105.0,PMB Gazette 2022/10
2022-12-26,95.0,90.0,105.0,PMB Gazette 2022/10
2022-12-27,95.0,90.0,105.0,PMB Gazette 2022/10
2022-12-28,95.0,90.0,105.0,PMB Gazette 2022/10
2022-12-29,95.0,90.0,105.0,PMB Gazette 2022/10
2022-12-30,95.0,90.0,105.0,PMB Gazette 2022/10
2022-12-31,95.0,90.0,105.0,PMB Gazette 2022/10
2023-01-01,105.0,100.0,115.0,PMB Gazette 2022/10
2023-01-02,105.0,100.0,115.0,PMB Gazette 2022/10
2023-01-03,105.0,100.0,115.0,PMB Gazette 2022/10
2023-01-04,105.0,100.0,115.0,PMB Gazette 2022/10
2023-01-05,105.0,100.0,115.0,PMB Gazette 2022/10
2023-01-06,105.0,100.0,115.0,PMB Gazette 2022/10
2023-01-07,105.0,100.0,115.0,PMB Gazette 2022/10
2023-01-08,105.0,100.0,115.0,PMB Gazette 2022/10
2023-01-09,105.0,100.0,115.0,PMB Gazette 2022/10
2023-01-10,105.0,100.0,115.0,PMB Gazette 2022/10
2023-01-11,105.0,100.0,115.0,PMB Gazette 2022/10
2023-01-12,105.0,100.0,115.0,PMB Gazette 2022/10
2023-01-13,105.0,100.0,115.0,PMB Gazette 2022/10
2023-01-14,105.0,100.0,115.0,PMB Gazette 2022/10
2023-01-15,105.0,100.0,115.0,PMB Gazette 2022/10
2023-01-16,105.0,100.0,115.0,PMB Gazette 2022/10
2023-01-17,105.0,100.0,115.0,PMB Gazette 2022/10
2023-01-18,105.0,100.0,115.0,PMB Gazette 2022/10
2023-01-19,105.0,100.0,115.0,PMB Gazette 2022/10
2023-01-20,105.0,100.0,115.0,PMB Gazette 2022/10
2023-01-21,105.0,100.0,115.0,PMB Gazette 2022/10
2023-01-22,105.0,100.0,115.0,PMB Gazette 2022/10
2023-01-23,105.0,100.0,115.0,PMB Gazette 2022/10
2023-01-24,105.0,100.0,115.0,PMB Gazette 2022/10
2023-01-25,105.0,100.0,115.0,PMB Gazette 2022/10
2023-01-26,105.0,100.0,115.0,PMB Gazette 2022/10
2023-01-27,105.0,100.0,115.0,PMB Gazette 2022/10
2023-01-28,105.0,100.0,115.0,PMB Gazette 2022/10
2023-01-29,105.0,100.0,115.0,PMB Gazette 2022/10
2023-01-30,105.0,100.0,115.0,PMB Gazette 2022/10
2023-01-31,105.0,100.0,115.0,PMB Gazette 2022/10
2023-02-01,105.0,100.0,115.0,PMB Gazette 2022/10
2023-02-02,105.0,100.0,115.0,PMB Gazette 2022/10
2023-02-03,105.0,100.0,115.0,PMB Gazette 2022/10
2023-02-04,105.0,100.0,115.0,PMB Gazette 2022/10
2023-02-05,105.0,100.0,115.0,PMB Gazette 2022/10
2023-02-06,105.0,100.0,115.0,PMB Gazette 2022/10
2023-02-07,105.0,100.0,115.0,PMB Gazette 2022/10
2023-02-08,105.0,100.0,115.0,PMB Gazette 2022/10
2023-02-09,105.0,100.0,115.0,PMB Gazette 2022/10
2023-02-10,105.0,100.0,115.0,PMB Gazette 2022/10
2023-02-11,105.0,100.0,115.0,PMB Gazette 2022/10
2023-02-12,105.0,100.0,115.0,PMB Gazette 2022/10
2023-02-13,105.0,100.0,115.0,PMB Gazette 2022/10
2023-02-14,105.0,100.0,115.0,PMB Gazette 2022/10
2023-02-15,105.0,100.0,115.0,PMB Gazette 2022/10
2023-02-16,105.0,100.0,115.0,PMB Gazette 2022/10
2023-02-17,105.0,100.0,115.0,PMB Gazette 2022/10
2023-02-18,105.0,100.0,115.0,PMB Gazette 2022/10
2023-02-19,105.0,100.0,115.0,PMB Gazette 2022/10
2023-02-20,105.0,100.0,115.0,PMB Gazette 2022/10
2023-02-21,105.0,100.0,115.0,PMB Gazette 2022/10
2023-02-22,105.0,100.0,115.0,PMB Gazette 2022/10
2023-02-23,105.0,100.0,115.0,PMB Gazette 2022/10
2023-02-24,105.0,100.0,115.0,PMB Gazette 2022/10
2023-02-25,105.0,100.0,115.0,PMB Gazette 2022/10
2023-02-26,105.0,100.0,115.0,PMB Gazette 2022/10
2023-02-27,105.0,100.0,115.0,PMB Gazette 2022/10
2023-02-28,105.0,100.0,115.0,PMB Gazette 2022/10
2023-03-01,105.0,100.0,115.0,PMB Gazette 2022/10
2023-03-02,105.0,100.0,115.0,PMB Gazette 2022/10
2023-03-03,105.0,100.0,115.0,PMB Gazette 2022/10
2023-03-04,105.0,100.0,115.0,PMB Gazette 2022/10
2023-03-05,105.0,100.0,115.0,PMB Gazette 2022/10
2023-03-06,105.0,100.0,115.0,PMB Gazette 2022/10
2023-03-07,105.0,100.0,115.0,PMB Gazette 2022/10
2023-03-08,105.0,100.0,115.0,PMB Gazette 2022/10
2023-03-09,105.0,100.0,115.0,PMB Gazette 2022/10
2023-03-10,105.0,100.0,115.0,PMB Gazette 2022/10
2023-03-11,105.0,100.0,115.0,PMB Gazette 2022/10
2023-03-12,105.0,100.0,115.0,PMB Gazette 2022/10
2023-03-13,105.0,100.0,115.0,PMB Gazette 2022/10
2023-03-14,105.0,100.0,115.0,PMB Gazette 2022/10
2023-03-15,105.0,100.0,115.0,PMB Gazette 2022/10
2023-03-16,105.0,100.0,115.0,PMB Gazette 2022/10
2023-03-17,105.0,100.0,115.0,PMB Gazette 2022/10
2023-03-18,105.0,100.0,115.0,PMB Gazette 2022/10
2023-03-19,105.0,100.0,115.0,PMB Gazette 2022/10
2023-03-20,105.0,100.0,115.0,PMB Gazette 2022/10
2023-03-21,105.0,100.0,115.0,PMB Gazette 2022/10
2023-03-22,105.0,100.0,115.0,PMB Gazette 2022/10
2023-03-23,105.0,100.0,115.0,PMB Gazette 2022/10
2023-03-24,105.0,100.0,115.0,PMB Gazette 2022/10
2023-03-25,105.0,100.0,115.0,PMB Gazette 2022/10
2023-03-26,105.0,100.0,115.0,PMB Gazette 2022/10
2023-03-27,105.0,100.0,115.0,PMB Gazette 2022/10
2023-03-28,105.0,100.0,115.0,PMB Gazette 2022/10
2023-03-29,105.0,100.0,115.0,PMB Gazette 2022/10
2023-03-30,105.0,100.0,115.0,PMB Gazette 2022/10
2023-03-31,105.0,100.0,115.0,PMB Gazette 2022/10
2023-04-01,105.0,100.0,115.0,PMB Gazette 2022/10
2023-04-02,105.0,100.0,115.0,PMB Gazette 2022/10
2023-04-03,105.0,100.0,115.0,PMB Gazette 2022/10
2023-04-04,105.0,100.0,115.0,PMB Gazette 2022/10
2023-04-05,105.0,100.0,115.0,PMB Gazette 2022/10
2023-04-06,105.0,100.0,115.0,PMB Gazette 2022/10
2023-04-07,105.0,100.0,115.0,PMB Gazette 2022/10
2023-04-08,105.0,100.0,115.0,PMB Gazette 2022/10
2023-04-09,105.0,100.0,115.0,PMB Gazette 2022/10
2023-04-10,105.0,100.0,115.0,PMB Gazette 2022/10
2023-04-11,105.0,100.0,115.0,PMB Gazette 2022/10
2023-04-12,105.0,100.0,115.0,PMB Gazette 2022/10
2023-04-13,105.0,100.0,115.0,PMB Gazette 2022/10
2023-04-14,105.0,100.0,115.0,PMB Gazette 2022/10
2023-04-15,105.0,100.0,115.0,PMB Gazette 2022/10
2023-04-16,105.0,100.0,115.0,PMB Gazette 2022/10
2023-04-17,105.0,100.0,115.0,PMB Gazette 2022/10
2023-04-18,105.0,100.0,115.0,PMB Gazette 2022/10
2023-04-19,105.0,100.0,115.0,PMB Gazette 2022/10
2023-04-20,105.0,100.0,115.0,PMB Gazette 2022/10
2023-04-21,105.0,100.0,115.0,PMB Gazette 2022/10
2023-04-22,105.0,100.0,115.0,PMB Gazette 2022/10
2023-04-23,105.0,100.0,115.0,PMB Gazette 2022/10
2023-04-24,105.0,100.0,115.0,PMB Gazette 2022/10
2023-04-25,105.0,100.0,115.0,PMB Gazette 2022/10
2023-04-26,105.0,100.0,115.0,PMB Gazette 2022/10
2023-04-27,105.0,100.0,115.0,PMB Gazette 2022/10
2023-04-28,105.0,100.0,115.0,PMB Gazette 2022/10
2023-04-29,105.0,100.0,115.0,PMB Gazette 2022/10
2023-04-30,105.0,100.0,115.0,PMB Gazette 2022/10
2023-05-01,115.0,110.0,125.0,PMB Gazette 2023/04
2023-05-02,115.0,110.0,125.0,PMB Gazette 2023/04
2023-05-03,115.0,110.0,125.0,PMB Gazette 2023/04
2023-05-04,115.0,110.0,125.0,PMB Gazette 2023/04
2023-05-05,115.0,110.0,125.0,PMB Gazette 2023/04
2023-05-06,115.0,110.0,125.0,PMB Gazette 2023/04
2023-05-07,115.0,110.0,125.0,PMB Gazette 2023/04
2023-05-08,115.0,110.0,125.0,PMB Gazette 2023/04
2023-05-09,115.0,110.0,125.0,PMB Gazette 2023/04
2023-05-10,115.0,110.0,125.0,PMB Gazette 2023/04
2023-05-11,115.0,110.0,125.0,PMB Gazette 2023/04
2023-05-12,115.0,110.0,125.0,PMB Gazette 2023/04
2023-05-13,115.0,110.0,125.0,PMB Gazette 2023/04
2023-05-14,115.0,110.0,125.0,PMB Gazette 2023/04
2023-05-15,115.0,110.0,125.0,PMB Gazette 2023/04
2023-05-16,115.0,110.0,125.0,PMB Gazette 2023/04
2023-05-17,115.0,110.0,125.0,PMB Gazette 2023/04
2023-05-18,115.0,110.0,125.0,PMB Gazette 2023/04
2023-05-19,115.0,110.0,125.0,PMB Gazette 2023/04
2023-05-20,115.0,110.0,125.0,PMB Gazette 2023/04
2023-05-21,115.0,110.0,125.0,PMB Gazette 2023/04
2023-05-22,115.0,110.0,125.0,PMB Gazette 2023/04
2023-05-23,115.0,110.0,125.0,PMB Gazette 2023/04
2023-05-24,115.0,110.0,125.0,PMB Gazette 2023/04
2023-05-25,115.0,110.0,125.0,PMB Gazette 2023/04
2023-05-26,115.0,110.0,125.0,PMB Gazette 2023/04
2023-05-27,115.0,110.0,125.0,PMB Gazette 2023/04
2023-05-28,115.0,110.0,125.0,PMB Gazette 2023/04
2023-05-29,115.0,110.0,125.0,PMB Gazette 2023/04
2023-05-30,115.0,110.0,125.0,PMB Gazette 2023/04
2023-05-31,115.0,110.0,125.0,PMB Gazette 2023/04
2023-06-01,115.0,110.0,125.0,PMB Gazette 2023/04
2023-06-02,115.0,110.0,125.0,PMB Gazette 2023/04
2023-06-03,115.0,110.0,125.0,PMB Gazette 2023/04
2023-06-04,115.0,110.0,125.0,PMB Gazette 2023/04
2023-06-05,115.0,110.0,125.0,PMB Gazette 2023/04
2023-06-06,115.0,110.0,125.0,PMB Gazette 2023/04
2023-06-07,115.0,110.0,125.0,PMB Gazette 2023/04
2023-06-08,115.0,110.0,125.0,PMB Gazette 2023/04
2023-06-09,115.0,110.0,125.0,PMB Gazette 2023/04
2023-06-10,115.0,110.0,125.0,PMB Gazette 2023/04
2023-06-11,115.0,110.0,125.0,PMB Gazette 2023/04
2023-06-12,115.0,110.0,125.0,PMB Gazette 2023/04
2023-06-13,115.0,110.0,125.0,PMB Gazette 2023/04
2023-06-14,115.0,110.0,125.0,PMB Gazette 2023/04
2023-06-15,115.0,110.0,125.0,PMB Gazette 2023/04
2023-06-16,115.0,110.0,125.0,PMB Gazette 2023/04
2023-06-17,115.0,110.0,125.0,PMB Gazette 2023/04
2023-06-18,115.0,110.0,125.0,PMB Gazette 2023/04
2023-06-19,115.0,110.0,125.0,PMB Gazette 2023/04
2023-06-20,115.0,110.0,125.0,PMB Gazette 2023/04
2023-06-21,115.0,110.0,125.0,PMB Gazette 2023/04
2023-06-22,115.0,110.0,125.0,PMB Gazette 2023/04
2023-06-23,115.0,110.0,125.0,PMB Gazette 2023/04
2023-06-24,115.0,110.0,125.0,PMB Gazette 2023/04
2023-06-25,115.0,110.0,125.0,PMB Gazette 2023/04
2023-06-26,115.0,110.0,125.0,PMB Gazette 2023/04
2023-06-27,115.0,110.0,125.0,PMB Gazette 2023/04
2023-06-28,115.0,110.0,125.0,PMB Gazette 2023/04
2023-06-29,115.0,110.0,125.0,PMB Gazette 2023/04
2023-06-30,115.0,110.0,125.0,PMB Gazette 2023/04
2023-07-01,115.0,110.0,125.0,PMB Gazette 2023/04
2023-07-02,115.0,110.0,125.0,PMB Gazette 2023/04
2023-07-03,115.0,110.0,125.0,PMB Gazette 2023/04
2023-07-04,115.0,110.0,125.0,PMB Gazette 2023/04
2023-07-05,115.0,110.0,125.0,PMB Gazette 2023/04
2023-07-06,115.0,110.0,125.0,PMB Gazette 2023/04
2023-07-07,115.0,110.0,125.0,PMB Gazette 2023/04
2023-07-08,115.0,110.0,125.0,PMB Gazette 2023/04
2023-07-09,115.0,110.0,125.0,PMB Gazette 2023/04
2023-07-10,115.0,110.0,125.0,PMB Gazette 2023/04
2023-07-11,115.0,110.0,125.0,PMB Gazette 2023/04
2023-07-12,115.0,110.0,125.0,PMB Gazette 2023/04
2023-07-13,115.0,110.0,125.0,PMB Gazette 2023/04
2023-07-14,115.0,110.0,125.0,PMB Gazette 2023/04
2023-07-15,115.0,110.0,125.0,PMB Gazette 2023/04
2023-07-16,115.0,110.0,125.0,PMB Gazette 2023/04
2023-07-17,115.0,110.0,125.0,PMB Gazette 2023/04
2023-07-18,115.0,110.0,125.0,PMB Gazette 2023/04
2023-07-19,115.0,110.0,125.0,PMB Gazette 2023/04
2023-07-20,115.0,110.0,125.0,PMB Gazette 2023/04
2023-07-21,115.0,110.0,125.0,PMB Gazette 2023/04
2023-07-22,115.0,110.0,125.0,PMB Gazette 2023/04
2023-07-23,115.0,110.0,125.0,PMB Gazette 2023/04
2023-07-24,115.0,110.0,125.0,PMB Gazette 2023/04
2023-07-25,115.0,110.0,125.0,PMB Gazette 2023/04
2023-07-26,115.0,110.0,125.0,PMB Gazette 2023/04
2023-07-27,115.0,110.0,125.0,PMB Gazette 2023/04
2023-07-28,115.0,110.0,125.0,PMB Gazette 2023/04
2023-07-29,115.0,110.0,125.0,PMB Gazette 2023/04
2023-07-30,115.0,110.0,125.0,PMB Gazette 2023/04
2023-07-31,115.0,110.0,125.0,PMB Gazette 2023/04
2023-08-01,115.0,110.0,125.0,PMB Gazette 2023/04
2023-08-02,115.0,110.0,125.0,PMB Gazette 2023/04
2023-08-03,115.0,110.0,125.0,PMB Gazette 2023/04
2023-08-04,115.0,110.0,125.0,PMB Gazette 2023/04
2023-08-05,115.0,110.0,125.0,PMB Gazette 2023/04
2023-08-06,115.0,110.0,125.0,PMB Gazette 2023/04
2023-08-07,115.0,110.0,125.0,PMB Gazette 2023/04
2023-08-08,115.0,110.0,125.0,PMB Gazette 2023/04
2023-08-09,115.0,110.0,125.0,PMB Gazette 2023/04
2023-08-10,115.0,110.0,125.0,PMB Gazette 2023/04
2023-08-11,115.0,110.0,125.0,PMB Gazette 2023/04
2023-08-12,115.0,110.0,125.0,PMB Gazette 2023/04
2023-08-13,115.0,110.0,125.0,PMB Gazette 2023/04
2023-08-14,115.0,110.0,125.0,PMB Gazette 2023/04
2023-08-15,115.0,110.0,125.0,PMB Gazette 2023/04
2023-08-16,115.0,110.0,125.0,PMB Gazette 2023/04
2023-08-17,115.0,110.0,125.0,PMB Gazette 2023/04
2023-08-18,115.0,110.0,125.0,PMB Gazette 2023/04
2023-08-19,115.0,110.0,125.0,PMB Gazette 2023/04
2023-08-20,115.0,110.0,125.0,PMB Gazette 2023/04
2023-08-21,115.0,110.0,125.0,PMB Gazette 2023/04
2023-08-22,115.0,110.0,125.0,PMB Gazette 2023/04
2023-08-23,115.0,110.0,125.0,PMB Gazette 2023/04
2023-08-24,115.0,110.0,125.0,PMB Gazette 2023/04
2023-08-25,115.0,110.0,125.0,PMB Gazette 2023/04
2023-08-26,115.0,110.0,125.0,PMB Gazette 2023/04
2023-08-27,115.0,110.0,125.0,PMB Gazette 2023/04
2023-08-28,115.0,110.0,125.0,PMB Gazette 2023/04
2023-08-29,115.0,110.0,125.0,PMB Gazette 2023/04
2023-08-30,115.0,110.0,125.0,PMB Gazette 2023/04
2023-08-31,115.0,110.0,125.0,PMB Gazette 2023/04
2023-09-01,115.0,110.0,125.0,PMB Gazette 2023/04
2023-09-02,115.0,110.0,125.0,PMB Gazette 2023/04
2023-09-03,115.0,110.0,125.0,PMB Gazette 2023/04
2023-09-04,115.0,110.0,125.0,PMB Gazette 2023/04
2023-09-05,115.0,110.0,125.0,PMB Gazette 2023/04
2023-09-06,115.0,110.0,125.0,PMB Gazette 2023/04
2023-09-07,115.0,110.0,125.0,PMB Gazette 2023/04
2023-09-08,115.0,110.0,125.0,PMB Gazette 2023/04
2023-09-09,115.0,110.0,125.0,PMB Gazette 2023/04
2023-09-10,115.0,110.0,125.0,PMB Gazette 2023/04
2023-09-11,115.0,110.0,125.0,PMB Gazette 2023/04
2023-09-12,115.0,110.0,125.0,PMB Gazette 2023/04
2023-09-13,115.0,110.0,125.0,PMB Gazette 2023/04
2023-09-14,115.0,110.0,125.0,PMB Gazette 2023/04
2023-09-15,115.0,110.0,125.0,PMB Gazette 2023/04
2023-09-16,115.0,110.0,125.0,PMB Gazette 2023/04
2023-09-17,115.0,110.0,125.0,PMB Gazette 2023/04
2023-09-18,115.0,110.0,125.0,PMB Gazette 2023/04
2023-09-19,115.0,110.0,125.0,PMB Gazette 2023/04
2023-09-20,115.0,110.0,125.0,PMB Gazette 2023/04
2023-09-21,115.0,110.0,125.0,PMB Gazette 2023/04
2023-09-22,115.0,110.0,125.0,PMB Gazette 2023/04
2023-09-23,115.0,110.0,125.0,PMB Gazette 2023/04
2023-09-24,115.0,110.0,125.0,PMB Gazette 2023/04
2023-09-25,115.0,110.0,125.0,PMB Gazette 2023/04
2023-09-26,115.0,110.0,125.0,PMB Gazette 2023/04
2023-09-27,115.0,110.0,125.0,PMB Gazette 2023/04
2023-09-28,115.0,110.0,125.0,PMB Gazette 2023/04
2023-09-29,115.0,110.0,125.0,PMB Gazette 2023/04
2023-09-30,115.0,110.0,125.0,PMB Gazette 2023/04
2023-10-01,120.0,115.0,130.0,PMB Gazette 2023/10
2023-10-02,120.0,115.0,130.0,PMB Gazette 2023/10
2023-10-03,120.0,115.0,130.0,PMB Gazette 2023/10
2023-10-04,120.0,115.0,130.0,PMB Gazette 2023/10
2023-10-05,120.0,115.0,130.0,PMB Gazette 2023/10
2023-10-06,120.0,115.0,130.0,PMB Gazette 2023/10
2023-10-07,120.0,115.0,130.0,PMB Gazette 2023/10
2023-10-08,120.0,115.0,130.0,PMB Gazette 2023/10
2023-10-09,120.0,115.0,130.0,PMB Gazette 2023/10
2023-10-10,120.0,115.0,130.0,PMB Gazette 2023/10
2023-10-11,120.0,115.0,130.0,PMB Gazette 2023/10
2023-10-12,120.0,115.0,130.0,PMB Gazette 2023/10
2023-10-13,120.0,115.0,130.0,PMB Gazette 2023/10
2023-10-14,120.0,115.0,130.0,PMB Gazette 2023/10
2023-10-15,120.0,115.0,130.0,PMB Gazette 2023/10
2023-10-16,120.0,115.0,130.0,PMB Gazette 2023/10
2023-10-17,120.0,115.0,130.0,PMB Gazette 2023/10
2023-10-18,120.0,115.0,130.0,PMB Gazette 2023/10
2023-10-19,120.0,115.0,130.0,PMB Gazette 2023/10
2023-10-20,120.0,115.0,130.0,PMB Gazette 2023/10
2023-10-21,120.0,115.0,130.0,PMB Gazette 2023/10
2023-10-22,120.0,115.0,130.0,PMB Gazette 2023/10
2023-10-23,120.0,115.0,130.0,PMB Gazette 2023/10
2023-10-24,120.0,115.0,130.0,PMB Gazette 2023/10
2023-10-25,120.0,115.0,130.0,PMB Gazette 2023/10
2023-10-26,120.0,115.0,130.0,PMB Gazette 2023/10
2023-10-27,120.0,115.0,130.0,PMB Gazette 2023/10
2023-10-28,120.0,115.0,130.0,PMB Gazette 2023/10
2023-10-29,120.0,115.0,130.0,PMB Gazette 2023/10
2023-10-30,120.0,115.0,130.0,PMB Gazette 2023/10
2023-10-31,120.0,115.0,130.0,PMB Gazette 2023/10
2023-11-01,120.0,115.0,130.0,PMB Gazette 2023/10
2023-11-02,120.0,115.0,130.0,PMB Gazette 2023/10
2023-11-03,120.0,115.0,130.0,PMB Gazette 2023/10
2023-11-04,120.0,115.0,130.0,PMB Gazette 2023/10
2023-11-05,120.0,115.0,130.0,PMB Gazette 2023/10
2023-11-06,120.0,115.0,130.0,PMB Gazette 2023/10
2023-11-07,120.0,115.0,130.0,PMB Gazette 2023/10
2023-11-08,120.0,115.0,130.0,PMB Gazette 2023/10
2023-11-09,120.0,115.0,130.0,PMB Gazette 2023/10
2023-11-10,120.0,115.0,130.0,PMB Gazette 2023/10
2023-11-11,120.0,115.0,130.0,PMB Gazette 2023/10
2023-11-12,120.0,115.0,130.0,PMB Gazette 2023/10
2023-11-13,120.0,115.0,130.0,PMB Gazette 2023/10
2023-11-14,120.0,115.0,130.0,PMB Gazette 2023/10
2023-11-15,120.0,115.0,130.0,PMB Gazette 2023/10
2023-11-16,120.0,115.0,130.0,PMB Gazette 2023/10
2023-11-17,120.0,115.0,130.0,PMB Gazette 2023/10
2023-11-18,120.0,115.0,130.0,PMB Gazette 2023/10
2023-11-19,120.0,115.0,130.0,PMB Gazette 2023/10
2023-11-20,120.0,115.0,130.0,PMB Gazette 2023/10
2023-11-21,120.0,115.0,130.0,PMB Gazette 2023/10
2023-11-22,120.0,115.0,130.0,PMB Gazette 2023/10
2023-11-23,120.0,115.0,130.0,PMB Gazette 2023/10
2023-11-24,120.0,115.0,130.0,PMB Gazette 2023/10
2023-11-25,120.0,115.0,130.0,PMB Gazette 2023/10
2023-11-26,120.0,115.0,130.0,PMB Gazette 2023/10
2023-11-27,120.0,115.0,130.0,PMB Gazette 2023/10
2023-11-28,120.0,115.0,130.0,PMB Gazette 2023/10
2023-11-29,120.0,115.0,130.0,PMB Gazette 2023/10
2023-11-30,120.0,115.0,130.0,PMB Gazette 2023/10
2023-12-01,120.0,115.0,130.0,PMB Gazette 2023/10
2023-12-02,120.0,115.0,130.0,PMB Gazette 2023/10
2023-12-03,120.0,115.0,130.0,PMB Gazette 2023/10
2023-12-04,120.0,115.0,130.0,PMB Gazette 2023/10
2023-12-05,120.0,115.0,130.0,PMB Gazette 2023/10
2023-12-06,120.0,115.0,130.0,PMB Gazette 2023/10
2023-12-07,120.0,115.0,130.0,PMB Gazette 2023/10
2023-12-08,120.0,115.0,130.0,PMB Gazette 2023/10
2023-12-09,120.0,115.0,130.0,PMB Gazette 2023/10
2023-12-10,120.0,115.0,130.0,PMB Gazette 2023/10
2023-12-11,120.0,115.0,130.0,PMB Gazette 2023/10
2023-12-12,120.0,115.0,130.0,PMB Gazette 2023/10
2023-12-13,120.0,115.0,130.0,PMB Gazette 2023/10
2023-12-14,120.0,115.0,130.0,PMB Gazette 2023/10
2023-12-15,120.0,115.0,130.0,PMB Gazette 2023/10
2023-12-16,120.0,115.0,130.0,PMB Gazette 2023/10
2023-12-17,120.0,115.0,130.0,PMB Gazette 2023/10
2023-12-18,120.0,115.0,130.0,PMB Gazette 2023/10
2023-12-19,120.0,115.0,130.0,PMB Gazette 2023/10
2023-12-20,120.0,115.0,130.0,PMB Gazette 2023/10
2023-12-21,120.0,115.0,130.0,PMB Gazette 2023/10
2023-12-22,120.0,115.0,130.0,PMB Gazette 2023/10
2023-12-23,120.0,115.0,130.0,PMB Gazette 2023/10
2023-12-24,120.0,115.0,130.0,PMB Gazette 2023/10
2023-12-25,120.0,115.0,130.0,PMB Gazette 2023/10
2023-12-26,120.0,115.0,130.0,PMB Gazette 2023/10
2023-12-27,120.0,115.0,130.0,PMB Gazette 2023/10
2023-12-28,120.0,115.0,130.0,PMB Gazette 2023/10
2023-12-29,120.0,115.0,130.0,PMB Gazette 2023/10
2023-12-30,120.0,115.0,130.0,PMB Gazette 2023/10
2023-12-31,120.0,115.0,130.0,PMB Gazette 2023/10
2024-01-01,125.0,120.0,132.0,PMB Gazette 2023/10
2024-01-02,125.0,120.0,132.0,PMB Gazette 2023/10
2024-01-03,125.0,120.0,132.0,PMB Gazette 2023/10
2024-01-04,125.0,120.0,132.0,PMB Gazette 2023/10
2024-01-05,125.0,120.0,132.0,PMB Gazette 2023/10
2024-01-06,125.0,120.0,132.0,PMB Gazette 2023/10
2024-01-07,125.0,120.0,132.0,PMB Gazette 2023/10
2024-01-08,125.0,120.0,132.0,PMB Gazette 2023/10
2024-01-09,125.0,120.0,132.0,PMB Gazette 2023/10
2024-01-10,125.0,120.0,132.0,PMB Gazette 2023/10
2024-01-11,125.0,120.0,132.0,PMB Gazette 2023/10
2024-01-12,125.0,120.0,132.0,PMB Gazette 2023/10
2024-01-13,125.0,120.0,132.0,PMB Gazette 2023/10
2024-01-14,125.0,120.0,132.0,PMB Gazette 2023/10
2024-01-15,125.0,120.0,132.0,PMB Gazette 2023/10
2024-01-16,125.0,120.0,132.0,PMB Gazette 2023/10
2024-01-17,125.0,120.0,132.0,PMB Gazette 2023/10
2024-01-18,125.0,120.0,132.0,PMB Gazette 2023/10
2024-01-19,125.0,120.0,132.0,PMB Gazette 2023/10
2024-01-20,125.0,120.0,132.0,PMB Gazette 2023/10
2024-01-21,125.0,120.0,132.0,PMB Gazette 2023/10
2024-01-22,125.0,120.0,132.0,PMB Gazette 2023/10
2024-01-23,125.0,120.0,132.0,PMB Gazette 2023/10
2024-01-24,125.0,120.0,132.0,PMB Gazette 2023/10
2024-01-25,125.0,120.0,132.0,PMB Gazette 2023/10
2024-01-26,125.0,120.0,132.0,PMB Gazette 2023/10
2024-01-27,125.0,120.0,132.0,PMB Gazette 2023/10
2024-01-28,125.0,120.0,132.0,PMB Gazette 2023/10
2024-01-29,125.0,120.0,132.0,PMB Gazette 2023/10
2024-01-30,125.0,120.0,132.0,PMB Gazette 2023/10
2024-01-31,125.0,120.0,132.0,PMB Gazette 2023/10
2024-02-01,125.0,120.0,132.0,PMB Gazette 2023/10
2024-02-02,125.0,120.0,132.0,PMB Gazette 2023/10
2024-02-03,125.0,120.0,132.0,PMB Gazette 2023/10
2024-02-04,125.0,120.0,132.0,PMB Gazette 2023/10
2024-02-05,125.0,120.0,132.0,PMB Gazette 2023/10
2024-02-06,125.0,120.0,132.0,PMB Gazette 2023/10
2024-02-07,125.0,120.0,132.0,PMB Gazette 2023/10
2024-02-08,125.0,120.0,132.0,PMB Gazette 2023/10
2024-02-09,125.0,120.0,132.0,PMB Gazette 2023/10
2024-02-10,125.0,120.0,132.0,PMB Gazette 2023/10
2024-02-11,125.0,120.0,132.0,PMB Gazette 2023/10
2024-02-12,125.0,120.0,132.0,PMB Gazette 2023/10
2024-02-13,125.0,120.0,132.0,PMB Gazette 2023/10
2024-02-14,125.0,120.0,132.0,PMB Gazette 2023/10
2024-02-15,125.0,120.0,132.0,PMB Gazette 2023/10
2024-02-16,125.0,120.0,132.0,PMB Gazette 2023/10
2024-02-17,125.0,120.0,132.0,PMB Gazette 2023/10
2024-02-18,125.0,120.0,132.0,PMB Gazette 2023/10
2024-02-19,125.0,120.0,132.0,PMB Gazette 2023/10
2024-02-20,125.0,120.0,132.0,PMB Gazette 2023/10
2024-02-21,125.0,120.0,132.0,PMB Gazette 2023/10
2024-02-22,125.0,120.0,132.0,PMB Gazette 2023/10
2024-02-23,125.0,120.0,132.0,PMB Gazette 2023/10
2024-02-24,125.0,120.0,132.0,PMB Gazette 2023/10
2024-02-25,125.0,120.0,132.0,PMB Gazette 2023/10
2024-02-26,125.0,120.0,132.0,PMB Gazette 2023/10
2024-02-27,125.0,120.0,132.0,PMB Gazette 2023/10
2024-02-28,125.0,120.0,132.0,PMB Gazette 2023/10
2024-02-29,125.0,120.0,132.0,PMB Gazette 2023/10
2024-03-01,125.0,120.0,132.0,PMB Gazette 2023/10
2024-03-02,125.0,120.0,132.0,PMB Gazette 2023/10
2024-03-03,125.0,120.0,132.0,PMB Gazette 2023/10
2024-03-04,125.0,120.0,132.0,PMB Gazette 2023/10
2024-03-05,125.0,120.0,132.0,PMB Gazette 2023/10
2024-03-06,125.0,120.0,132.0,PMB Gazette 2023/10
2024-03-07,125.0,120.0,132.0,PMB Gazette 2023/10
2024-03-08,125.0,120.0,132.0,PMB Gazette 2023/10
2024-03-09,125.0,120.0,132.0,PMB Gazette 2023/10
2024-03-10,125.0,120.0,132.0,PMB Gazette 2023/10
2024-03-11,125.0,120.0,132.0,PMB Gazette 2023/10
2024-03-12,125.0,120.0,132.0,PMB Gazette 2023/10
2024-03-13,125.0,120.0,132.0,PMB Gazette 2023/10
2024-03-14,125.0,120.0,132.0,PMB Gazette 2023/10
2024-03-15,125.0,120.0,132.0,PMB Gazette 2023/10
2024-03-16,125.0,120.0,132.0,PMB Gazette 2023/10
2024-03-17,125.0,120.0,132.0,PMB Gazette 2023/10
2024-03-18,125.0,120.0,132.0,PMB Gazette 2023/10
2024-03-19,125.0,120.0,132.0,PMB Gazette 2023/10
2024-03-20,125.0,120.0,132.0,PMB Gazette 2023/10
2024-03-21,125.0,120.0,132.0,PMB Gazette 2023/10
2024-03-22,125.0,120.0,132.0,PMB Gazette 2023/10
2024-03-23,125.0,120.0,132.0,PMB Gazette 2023/10
2024-03-24,125.0,120.0,132.0,PMB Gazette 2023/10
2024-03-25,125.0,120.0,132.0,PMB Gazette 2023/10
2024-03-26,125.0,120.0,132.0,PMB Gazette 2023/10
2024-03-27,125.0,120.0,132.0,PMB Gazette 2023/10
2024-03-28,125.0,120.0,132.0,PMB Gazette 2023/10
2024-03-29,125.0,120.0,132.0,PMB Gazette 2023/10
2024-03-30,125.0,120.0,132.0,PMB Gazette 2023/10
2024-03-31,125.0,120.0,132.0,PMB Gazette 2023/10
2024-04-01,125.0,120.0,132.0,PMB Gazette 2023/10
2024-04-02,125.0,120.0,132.0,PMB Gazette 2023/10
2024-04-03,125.0,120.0,132.0,PMB Gazette 2023/10
2024-04-04,125.0,120.0,132.0,PMB Gazette 2023/10
2024-04-05,125.0,120.0,132.0,PMB Gazette 2023/10
2024-04-06,125.0,120.0,132.0,PMB Gazette 2023/10
2024-04-07,125.0,120.0,132.0,PMB Gazette 2023/10
2024-04-08,125.0,120.0,132.0,PMB Gazette 2023/10
2024-04-09,125.0,120.0,132.0,PMB Gazette 2023/10
2024-04-10,125.0,120.0,132.0,PMB Gazette 2023/10
2024-04-11,125.0,120.0,132.0,PMB Gazette 2023/10
2024-04-12,125.0,120.0,132.0,PMB Gazette 2023/10
2024-04-13,125.0,120.0,132.0,PMB Gazette 2023/10
2024-04-14,125.0,120.0,132.0,PMB Gazette 2023/10
2024-04-15,125.0,120.0,132.0,PMB Gazette 2023/10
2024-04-16,125.0,120.0,132.0,PMB Gazette 2023/10
2024-04-17,125.0,120.0,132.0,PMB Gazette 2023/10
2024-04-18,125.0,120.0,132.0,PMB Gazette 2023/10
2024-04-19,125.0,120.0,132.0,PMB Gazette 2023/10
2024-04-20,125.0,120.0,132.0,PMB Gazette 2023/10
2024-04-21,125.0,120.0,132.0,PMB Gazette 2023/10
2024-04-22,125.0,120.0,132.0,PMB Gazette 2023/10
2024-04-23,125.0,120.0,132.0,PMB Gazette 2023/10
2024-04-24,125.0,120.0,132.0,PMB Gazette 2023/10
2024-04-25,125.0,120.0,132.0,PMB Gazette 2023/10
2024-04-26,125.0,120.0,132.0,PMB Gazette 2023/10
2024-04-27,125.0,120.0,132.0,PMB Gazette 2023/10
2024-04-28,125.0,120.0,132.0,PMB Gazette 2023/10
2024-04-29,125.0,120.0,132.0,PMB Gazette 2023/10
2024-04-30,125.0,120.0,132.0,PMB Gazette 2023/10
2024-05-01,127.0,122.0,135.0,PMB Gazette 2024/04
2024-05-02,127.0,122.0,135.0,PMB Gazette 2024/04
2024-05-03,127.0,122.0,135.0,PMB Gazette 2024/04
2024-05-04,127.0,122.0,135.0,PMB Gazette 2024/04
2024-05-05,127.0,122.0,135.0,PMB Gazette 2024/04
2024-05-06,127.0,122.0,135.0,PMB Gazette 2024/04
2024-05-07,127.0,122.0,135.0,PMB Gazette 2024/04
2024-05-08,127.0,122.0,135.0,PMB Gazette 2024/04
2024-05-09,127.0,122.0,135.0,PMB Gazette 2024/04
2024-05-10,127.0,122.0,135.0,PMB Gazette 2024/04
2024-05-11,127.0,122.0,135.0,PMB Gazette 2024/04
2024-05-12,127.0,122.0,135.0,PMB Gazette 2024/04
2024-05-13,127.0,122.0,135.0,PMB Gazette 2024/04
2024-05-14,127.0,122.0,135.0,PMB Gazette 2024/04
2024-05-15,127.0,122.0,135.0,PMB Gazette 2024/04
2024-05-16,127.0,122.0,135.0,PMB Gazette 2024/04
2024-05-17,127.0,122.0,135.0,PMB Gazette 2024/04
2024-05-18,127.0,122.0,135.0,PMB Gazette 2024/04
2024-05-19,127.0,122.0,135.0,PMB Gazette 2024/04
2024-05-20,127.0,122.0,135.0,PMB Gazette 2024/04
2024-05-21,127.0,122.0,135.0,PMB Gazette 2024/04
2024-05-22,127.0,122.0,135.0,PMB Gazette 2024/04
2024-05-23,127.0,122.0,135.0,PMB Gazette 2024/04
2024-05-24,127.0,122.0,135.0,PMB Gazette 2024/04
2024-05-25,127.0,122.0,135.0,PMB Gazette 2024/04
2024-05-26,127.0,122.0,135.0,PMB Gazette 2024/04
2024-05-27,127.0,122.0,135.0,PMB Gazette 2024/04
2024-05-28,127.0,122.0,135.0,PMB Gazette 2024/04
2024-05-29,127.0,122.0,135.0,PMB Gazette 2024/04
2024-05-30,127.0,122.0,135.0,PMB Gazette 2024/04
2024-05-31,127.0,122.0,135.0,PMB Gazette 2024/04
2024-06-01,127.0,122.0,135.0,PMB Gazette 2024/04
2024-06-02,127.0,122.0,135.0,PMB Gazette 2024/04
2024-06-03,127.0,122.0,135.0,PMB Gazette 2024/04
2024-06-04,127.0,122.0,135.0,PMB Gazette 2024/04
2024-06-05,127.0,122.0,135.0,PMB Gazette 2024/04
2024-06-06,127.0,122.0,135.0,PMB Gazette 2024/04
2024-06-07,127.0,122.0,135.0,PMB Gazette 2024/04
2024-06-08,127.0,122.0,135.0,PMB Gazette 2024/04
2024-06-09,127.0,122.0,135.0,PMB Gazette 2024/04
2024-06-10,127.0,122.0,135.0,PMB Gazette 2024/04
2024-06-11,127.0,122.0,135.0,PMB Gazette 2024/04
2024-06-12,127.0,122.0,135.0,PMB Gazette 2024/04
2024-06-13,127.0,122.0,135.0,PMB Gazette 2024/04
2024-06-14,127.0,122.0,135.0,PMB Gazette 2024/04
2024-06-15,127.0,122.0,135.0,PMB Gazette 2024/04
2024-06-16,127.0,122.0,135.0,PMB Gazette 2024/04
2024-06-17,127.0,122.0,135.0,PMB Gazette 2024/04
2024-06-18,127.0,122.0,135.0,PMB Gazette 2024/04
2024-06-19,127.0,122.0,135.0,PMB Gazette 2024/04
2024-06-20,127.0,122.0,135.0,PMB Gazette 2024/04
2024-06-21,127.0,122.0,135.0,PMB Gazette 2024/04
2024-06-22,127.0,122.0,135.0,PMB Gazette 2024/04
2024-06-23,127.0,122.0,135.0,PMB Gazette 2024/04
2024-06-24,127.0,122.0,135.0,PMB Gazette 2024/04
2024-06-25,127.0,122.0,135.0,PMB Gazette 2024/04
2024-06-26,127.0,122.0,135.0,PMB Gazette 2024/04
2024-06-27,127.0,122.0,135.0,PMB Gazette 2024/04
2024-06-28,127.0,122.0,135.0,PMB Gazette 2024/04
2024-06-29,127.0,122.0,135.0,PMB Gazette 2024/04
2024-06-30,127.0,122.0,135.0,PMB Gazette 2024/04
2024-07-01,127.0,122.0,135.0,PMB Gazette 2024/04
2024-07-02,127.0,122.0,135.0,PMB Gazette 2024/04
2024-07-03,127.0,122.0,135.0,PMB Gazette 2024/04
2024-07-04,127.0,122.0,135.0,PMB Gazette 2024/04
2024-07-05,127.0,122.0,135.0,PMB Gazette 2024/04
2024-07-06,127.0,122.0,135.0,PMB Gazette 2024/04
2024-07-07,127.0,122.0,135.0,PMB Gazette 2024/04
2024-07-08,127.0,122.0,135.0,PMB Gazette 2024/04
2024-07-09,127.0,122.0,135.0,PMB Gazette 2024/04
2024-07-10,127.0,122.0,135.0,PMB Gazette 2024/04
2024-07-11,127.0,122.0,135.0,PMB Gazette 2024/04
2024-07-12,127.0,122.0,135.0,PMB Gazette 2024/04
2024-07-13,127.0,122.0,135.0,PMB Gazette 2024/04
2024-07-14,127.0,122.0,135.0,PMB Gazette 2024/04
2024-07-15,127.0,122.0,135.0,PMB Gazette 2024/04
2024-07-16,127.0,122.0,135.0,PMB Gazette 2024/04
2024-07-17,127.0,122.0,135.0,PMB Gazette 2024/04
2024-07-18,127.0,122.0,135.0,PMB Gazette 2024/04
2024-07-19,127.0,122.0,135.0,PMB Gazette 2024/04
2024-07-20,127.0,122.0,135.0,PMB Gazette 2024/04
2024-07-21,127.0,122.0,135.0,PMB Gazette 2024/04
2024-07-22,127.0,122.0,135.0,PMB Gazette 2024/04
2024-07-23,127.0,122.0,135.0,PMB Gazette 2024/04
2024-07-24,127.0,122.0,135.0,PMB Gazette 2024/04
2024-07-25,127.0,122.0,135.0,PMB Gazette 2024/04
2024-07-26,127.0,122.0,135.0,PMB Gazette 2024/04
2024-07-27,127.0,122.0,135.0,PMB Gazette 2024/04
2024-07-28,127.0,122.0,135.0,PMB Gazette 2024/04
2024-07-29,127.0,122.0,135.0,PMB Gazette 2024/04
2024-07-30,127.0,122.0,135.0,PMB Gazette 2024/04
2024-07-31,127.0,122.0,135.0,PMB Gazette 2024/04
2024-08-01,127.0,122.0,135.0,PMB Gazette 2024/04
2024-08-02,127.0,122.0,135.0,PMB Gazette 2024/04
2024-08-03,127.0,122.0,135.0,PMB Gazette 2024/04
2024-08-04,127.0,122.0,135.0,PMB Gazette 2024/04
2024-08-05,127.0,122.0,135.0,PMB Gazette 2024/04
2024-08-06,127.0,122.0,135.0,PMB Gazette 2024/04
2024-08-07,127.0,122.0,135.0,PMB Gazette 2024/04
2024-08-08,127.0,122.0,135.0,PMB Gazette 2024/04
2024-08-09,127.0,122.0,135.0,PMB Gazette 2024/04
2024-08-10,127.0,122.0,135.0,PMB Gazette 2024/04
2024-08-11,127.0,122.0,135.0,PMB Gazette 2024/04
2024-08-12,127.0,122.0,135.0,PMB Gazette 2024/04
2024-08-13,127.0,122.0,135.0,PMB Gazette 2024/04
2024-08-14,127.0,122.0,135.0,PMB Gazette 2024/04
2024-08-15,127.0,122.0,135.0,PMB Gazette 2024/04
2024-08-16,127.0,122.0,135.0,PMB Gazette 2024/04
2024-08-17,127.0,122.0,135.0,PMB Gazette 2024/04
2024-08-18,127.0,122.0,135.0,PMB Gazette 2024/04
2024-08-19,127.0,122.0,135.0,PMB Gazette 2024/04
2024-08-20,127.0,122.0,135.0,PMB Gazette 2024/04
2024-08-21,127.0,122.0,135.0,PMB Gazette 2024/04
2024-08-22,127.0,122.0,135.0,PMB Gazette 2024/04
2024-08-23,127.0,122.0,135.0,PMB Gazette 2024/04
2024-08-24,127.0,122.0,135.0,PMB Gazette 2024/04
2024-08-25,127.0,122.0,135.0,PMB Gazette 2024/04
2024-08-26,127.0,122.0,135.0,PMB Gazette 2024/04
2024-08-27,127.0,122.0,135.0,PMB Gazette 2024/04
2024-08-28,127.0,122.0,135.0,PMB Gazette 2024/04
2024-08-29,127.0,122.0,135.0,PMB Gazette 2024/04
2024-08-30,127.0,122.0,135.0,PMB Gazette 2024/04
2024-08-31,127.0,122.0,135.0,PMB Gazette 2024/04
2024-09-01,127.0,122.0,135.0,PMB Gazette 2024/04
2024-09-02,127.0,122.0,135.0,PMB Gazette 2024/04
2024-09-03,127.0,122.0,135.0,PMB Gazette 2024/04
2024-09-04,127.0,122.0,135.0,PMB Gazette 2024/04
2024-09-05,127.0,122.0,135.0,PMB Gazette 2024/04
2024-09-06,127.0,122.0,135.0,PMB Gazette 2024/04
2024-09-07,127.0,122.0,135.0,PMB Gazette 2024/04
2024-09-08,127.0,122.0,135.0,PMB Gazette 2024/04
2024-09-09,127.0,122.0,135.0,PMB Gazette 2024/04
2024-09-10,127.0,122.0,135.0,PMB Gazette 2024/04
2024-09-11,127.0,122.0,135.0,PMB Gazette 2024/04
2024-09-12,127.0,122.0,135.0,PMB Gazette 2024/04
2024-09-13,127.0,122.0,135.0,PMB Gazette 2024/04
2024-09-14,127.0,122.0,135.0,PMB Gazette 2024/04
2024-09-15,127.0,122.0,135.0,PMB Gazette 2024/04
2024-09-16,127.0,122.0,135.0,PMB Gazette 2024/04
2024-09-17,127.0,122.0,135.0,PMB Gazette 2024/04
2024-09-18,127.0,122.0,135.0,PMB Gazette 2024/04
2024-09-19,127.0,122.0,135.0,PMB Gazette 2024/04
2024-09-20,127.0,122.0,135.0,PMB Gazette 2024/04
2024-09-21,127.0,122.0,135.0,PMB Gazette 2024/04
2024-09-22,127.0,122.0,135.0,PMB Gazette 2024/04
2024-09-23,127.0,122.0,135.0,PMB Gazette 2024/04
2024-09-24,127.0,122.0,135.0,PMB Gazette 2024/04
2024-09-25,127.0,122.0,135.0,PMB Gazette 2024/04
2024-09-26,127.0,122.0,135.0,PMB Gazette 2024/04
2024-09-27,127.0,122.0,135.0,PMB Gazette 2024/04
2024-09-28,127.0,122.0,135.0,PMB Gazette 2024/04
2024-09-29,127.0,122.0,135.0,PMB Gazette 2024/04
2024-09-30,127.0,122.0,135.0,PMB Gazette 2024/04
2024-10-01,130.0,125.0,138.0,PMB Gazette 2024/10
2024-10-02,130.0,125.0,138.0,PMB Gazette 2024/10
2024-10-03,130.0,125.0,138.0,PMB Gazette 2024/10
2024-10-04,130.0,125.0,138.0,PMB Gazette 2024/10
2024-10-05,130.0,125.0,138.0,PMB Gazette 2024/10
2024-10-06,130.0,125.0,138.0,PMB Gazette 2024/10
2024-10-07,130.0,125.0,138.0,PMB Gazette 2024/10
2024-10-08,130.0,125.0,138.0,PMB Gazette 2024/10
2024-10-09,130.0,125.0,138.0,PMB Gazette 2024/10
2024-10-10,130.0,125.0,138.0,PMB Gazette 2024/10
2024-10-11,130.0,125.0,138.0,PMB Gazette 2024/10
2024-10-12,130.0,125.0,138.0,PMB Gazette 2024/10
2024-10-13,130.0,125.0,138.0,PMB Gazette 2024/10
2024-10-14,130.0,125.0,138.0,PMB Gazette 2024/10
2024-10-15,130.0,125.0,138.0,PMB Gazette 2024/10
2024-10-16,130.0,125.0,138.0,PMB Gazette 2024/10
2024-10-17,130.0,125.0,138.0,PMB Gazette 2024/10
2024-10-18,130.0,125.0,138.0,PMB Gazette 2024/10
2024-10-19,130.0,125.0,138.0,PMB Gazette 2024/10
2024-10-20,130.0,125.0,138.0,PMB Gazette 2024/10
2024-10-21,130.0,125.0,138.0,PMB Gazette 2024/10
2024-10-22,130.0,125.0,138.0,PMB Gazette 2024/10
2024-10-23,130.0,125.0,138.0,PMB Gazette 2024/10
2024-10-24,130.0,125.0,138.0,PMB Gazette 2024/10
2024-10-25,130.0,125.0,138.0,PMB Gazette 2024/10
2024-10-26,130.0,125.0,138.0,PMB Gazette 2024/10
2024-10-27,130.0,125.0,138.0,PMB Gazette 2024/10
2024-10-28,130.0,125.0,138.0,PMB Gazette 2024/10
2024-10-29,130.0,125.0,138.0,PMB Gazette 2024/10
2024-10-30,130.0,125.0,138.0,PMB Gazette 2024/10
2024-10-31,130.0,125.0,138.0,PMB Gazette 2024/10
2024-11-01,130.0,125.0,138.0,PMB Gazette 2024/10
2024-11-02,130.0,125.0,138.0,PMB Gazette 2024/10
2024-11-03,130.0,125.0,138.0,PMB Gazette 2024/10
2024-11-04,130.0,125.0,138.0,PMB Gazette 2024/10
2024-11-05,130.0,125.0,138.0,PMB Gazette 2024/10
2024-11-06,130.0,125.0,138.0,PMB Gazette 2024/10
2024-11-07,130.0,125.0,138.0,PMB Gazette 2024/10
2024-11-08,130.0,125.0,138.0,PMB Gazette 2024/10
2024-11-09,130.0,125.0,138.0,PMB Gazette 2024/10
2024-11-10,130.0,125.0,138.0,PMB Gazette 2024/10
2024-11-11,130.0,125.0,138.0,PMB Gazette 2024/10
2024-11-12,130.0,125.0,138.0,PMB Gazette 2024/10
2024-11-13,130.0,125.0,138.0,PMB Gazette 2024/10
2024-11-14,130.0,125.0,138.0,PMB Gazette 2024/10
2024-11-15,130.0,125.0,138.0,PMB Gazette 2024/10
2024-11-16,130.0,125.0,138.0,PMB Gazette 2024/10
2024-11-17,130.0,125.0,138.0,PMB Gazette 2024/10
2024-11-18,130.0,125.0,138.0,PMB Gazette 2024/10
2024-11-19,130.0,125.0,138.0,PMB Gazette 2024/10
2024-11-20,130.0,125.0,138.0,PMB Gazette 2024/10
2024-11-21,130.0,125.0,138.0,PMB Gazette 2024/10
2024-11-22,130.0,125.0,138.0,PMB Gazette 2024/10
2024-11-23,130.0,125.0,138.0,PMB Gazette 2024/10
2024-11-24,130.0,125.0,138.0,PMB Gazette 2024/10
2024-11-25,130.0,125.0,138.0,PMB Gazette 2024/10
2024-11-26,130.0,125.0,138.0,PMB Gazette 2024/10
2024-11-27,130.0,125.0,138.0,PMB Gazette 2024/10
2024-11-28,130.0,125.0,138.0,PMB Gazette 2024/10
2024-11-29,130.0,125.0,138.0,PMB Gazette 2024/10
2024-11-30,130.0,125.0,138.0,PMB Gazette 2024/10
2024-12-01,130.0,125.0,138.0,PMB Gazette 2024/10
2024-12-02,130.0,125.0,138.0,PMB Gazette 2024/10
2024-12-03,130.0,125.0,138.0,PMB Gazette 2024/10
2024-12-04,130.0,125.0,138.0,PMB Gazette 2024/10
2024-12-05,130.0,125.0,138.0,PMB Gazette 2024/10
2024-12-06,130.0,125.0,138.0,PMB Gazette 2024/10
2024-12-07,130.0,125.0,138.0,PMB Gazette 2024/10
2024-12-08,130.0,125.0,138.0,PMB Gazette 2024/10
2024-12-09,130.0,125.0,138.0,PMB Gazette 2024/10
2024-12-10,130.0,125.0,138.0,PMB Gazette 2024/10
2024-12-11,130.0,125.0,138.0,PMB Gazette 2024/10
2024-12-12,130.0,125.0,138.0,PMB Gazette 2024/10
2024-12-13,130.0,125.0,138.0,PMB Gazette 2024/10
2024-12-14,130.0,125.0,138.0,PMB Gazette 2024/10
2024-12-15,130.0,125.0,138.0,PMB Gazette 2024/10
2024-12-16,130.0,125.0,138.0,PMB Gazette 2024/10
2024-12-17,130.0,125.0,138.0,PMB Gazette 2024/10
2024-12-18,130.0,125.0,138.0,PMB Gazette 2024/10
2024-12-19,130.0,125.0,138.0,PMB Gazette 2024/10
2024-12-20,130.0,125.0,138.0,PMB Gazette 2024/10
2024-12-21,130.0,125.0,138.0,PMB Gazette 2024/10
2024-12-22,130.0,125.0,138.0,PMB Gazette 2024/10
2024-12-23,130.0,125.0,138.0,PMB Gazette 2024/10
2024-12-24,130.0,125.0,138.0,PMB Gazette 2024/10
2024-12-25,130.0,125.0,138.0,PMB Gazette 2024/10
2024-12-26,130.0,125.0,138.0,PMB Gazette 2024/10
2024-12-27,130.0,125.0,138.0,PMB Gazette 2024/10
2024-12-28,130.0,125.0,138.0,PMB Gazette 2024/10
2024-12-29,130.0,125.0,138.0,PMB Gazette 2024/10
2024-12-30,130.0,125.0,138.0,PMB Gazette 2024/10
2024-12-31,130.0,125.0,138.0,PMB Gazette 2024/10
2025-01-01,130.0,125.0,138.0,Estimate based on 2024/10
2025-01-02,130.0,125.0,138.0,Estimate based on 2024/10
2025-01-03,130.0,125.0,138.0,Estimate based on 2024/10
2025-01-04,130.0,125.0,138.0,Estimate based on 2024/10
2025-01-05,130.0,125.0,138.0,Estimate based on 2024/10
2025-01-06,130.0,125.0,138.0,Estimate based on 2024/10
2025-01-07,130.0,125.0,138.0,Estimate based on 2024/10
2025-01-08,130.0,125.0,138.0,Estimate based on 2024/10
2025-01-09,130.0,125.0,138.0,Estimate based on 2024/10
2025-01-10,130.0,125.0,138.0,Estimate based on 2024/10
2025-01-11,130.0,125.0,138.0,Estimate based on 2024/10
2025-01-12,130.0,125.0,138.0,Estimate based on 2024/10
2025-01-13,130.0,125.0,138.0,Estimate based on 2024/10
2025-01-14,130.0,125.0,138.0,Estimate based on 2024/10
2025-01-15,130.0,125.0,138.0,Estimate based on 2024/10
2025-01-16,130.0,125.0,138.0,Estimate based on 2024/10
2025-01-17,130.0,125.0,138.0,Estimate based on 2024/10
2025-01-18,130.0,125.0,138.0,Estimate based on 2024/10
2025-01-19,130.0,125.0,138.0,Estimate based on 2024/10
2025-01-20,130.0,125.0,138.0,Estimate based on 2024/10
2025-01-21,130.0,125.0,138.0,Estimate based on 2024/10
2025-01-22,130.0,125.0,138.0,Estimate based on 2024/10
2025-01-23,130.0,125.0,138.0,Estimate based on 2024/10
2025-01-24,130.0,125.0,138.0,Estimate based on 2024/10
2025-01-25,130.0,125.0,138.0,Estimate based on 2024/10
2025-01-26,130.0,125.0,138.0,Estimate based on 2024/10
2025-01-27,130.0,125.0,138.0,Estimate based on 2024/10
2025-01-28,130.0,125.0,138.0,Estimate based on 2024/10
2025-01-29,130.0,125.0,138.0,Estimate based on 2024/10
2025-01-30,130.0,125.0,138.0,Estimate based on 2024/10
2025-01-31,130.0,125.0,138.0,Estimate based on 2024/10
2025-02-01,130.0,125.0,138.0,Estimate based on 2024/10
2025-02-02,130.0,125.0,138.0,Estimate based on 2024/10
2025-02-03,130.0,125.0,138.0,Estimate based on 2024/10
2025-02-04,130.0,125.0,138.0,Estimate based on 2024/10
2025-02-05,130.0,125.0,138.0,Estimate based on 2024/10
2025-02-06,130.0,125.0,138.0,Estimate based on 2024/10
2025-02-07,130.0,125.0,138.0,Estimate based on 2024/10
2025-02-08,130.0,125.0,138.0,Estimate based on 2024/10
2025-02-09,130.0,125.0,138.0,Estimate based on 2024/10
2025-02-10,130.0,125.0,138.0,Estimate based on 2024/10
2025-02-11,130.0,125.0,138.0,Estimate based on 2024/10
2025-02-12,130.0,125.0,138.0,Estimate based on 2024/10
2025-02-13,130.0,125.0,138.0,Estimate based on 2024/10
2025-02-14,130.0,125.0,138.0,Estimate based on 2024/10
2025-02-15,130.0,125.0,138.0,Estimate based on 2024/10
2025-02-16,130.0,125.0,138.0,Estimate based on 2024/10
2025-02-17,130.0,125.0,138.0,Estimate based on 2024/10
2025-02-18,130.0,125.0,138.0,Estimate based on 2024/10
2025-02-19,130.0,125.0,138.0,Estimate based on 2024/10
2025-02-20,130.0,125.0,138.0,Estimate based on 2024/10
2025-02-21,130.0,125.0,138.0,Estimate based on 2024/10
2025-02-22,130.0,125.0,138.0,Estimate based on 2024/10
2025-02-23,130.0,125.0,138.0,Estimate based on 2024/10
2025-02-24,130.0,125.0,138.0,Estimate based on 2024/10
2025-02-25,130.0,125.0,138.0,Estimate based on 2024/10
2025-02-26,130.0,125.0,138.0,Estimate based on 2024/10
2025-02-27,130.0,125.0,138.0,Estimate based on 2024/10
2025-02-28,130.0,125.0,138.0,Estimate based on 2024/10
2025-03-01,130.0,125.0,138.0,Estimate based on 2024/10
2025-03-02,130.0,125.0,138.0,Estimate based on 2024/10
2025-03-03,130.0,125.0,138.0,Estimate based on 2024/10
2025-03-04,130.0,125.0,138.0,Estimate based on 2024/10
2025-03-05,130.0,125.0,138.0,Estimate based on 2024/10
2025-03-06,130.0,125.0,138.0,Estimate based on 2024/10
2025-03-07,130.0,125.0,138.0,Estimate based on 2024/10
2025-03-08,130.0,125.0,138.0,Estimate based on 2024/10
2025-03-09,130.0,125.0,138.0,Estimate based on 2024/10
2025-03-10,130.0,125.0,138.0,Estimate based on 2024/10
2025-03-11,130.0,125.0,138.0,Estimate based on 2024/10
2025-03-12,130.0,125.0,138.0,Estimate based on 2024/10
2025-03-13,130.0,125.0,138.0,Estimate based on 2024/10
2025-03-14,130.0,125.0,138.0,Estimate based on 2024/10
2025-03-15,130.0,125.0,138.0,Estimate based on 2024/10
2025-03-16,130.0,125.0,138.0,Estimate based on 2024/10
2025-03-17,130.0,125.0,138.0,Estimate based on 2024/10
2025-03-18,130.0,125.0,138.0,Estimate based on 2024/10
2025-03-19,130.0,125.0,138.0,Estimate based on 2024/10
2025-03-20,130.0,125.0,138.0,Estimate based on 2024/10
2025-03-21,130.0,125.0,138.0,Estimate based on 2024/10
2025-03-22,130.0,125.0,138.0,Estimate based on 2024/10
2025-03-23,130.0,125.0,138.0,Estimate based on 2024/10
2025-03-24,130.0,125.0,138.0,Estimate based on 2024/10
2025-03-25,130.0,125.0,138.0,Estimate based on 2024/10
2025-03-26,130.0,125.0,138.0,Estimate based on 2024/10
2025-03-27,130.0,125.0,138.0,Estimate based on 2024/10
2025-03-28,130.0,125.0,138.0,Estimate based on 2024/10
2025-03-29,130.0,125.0,138.0,Estimate based on 2024/10
2025-03-30,130.0,125.0,138.0,Estimate based on 2024/10
2025-03-31,130.0,125.0,138.0,Estimate based on 2024/10
2025-04-01,130.0,125.0,138.0,Estimate based on 2024/10
2025-04-02,130.0,125.0,138.0,Estimate based on 2024/10
2025-04-03,130.0,125.0,138.0,Estimate based on 2024/10
2025-04-04,130.0,125.0,138.0,Estimate based on 2024/10
2025-04-05,130.0,125.0,138.0,Estimate based on 2024/10
2025-04-06,130.0,125.0,138.0,Estimate based on 2024/10
2025-04-07,130.0,125.0,138.0,Estimate based on 2024/10
2025-04-08,130.0,125.0,138.0,Estimate based on 2024/10
2025-04-09,130.0,125.0,138.0,Estimate based on 2024/10
2025-04-10,130.0,125.0,138.0,Estimate based on 2024/10
2025-04-11,130.0,125.0,138.0,Estimate based on 2024/10
2025-04-12,130.0,125.0,138.0,Estimate based on 2024/10
2025-04-13,130.0,125.0,138.0,Estimate based on 2024/10
2025-04-14,130.0,125.0,138.0,Estimate based on 2024/10
2025-04-15,130.0,125.0,138.0,Estimate based on 2024/10
2025-04-16,130.0,125.0,138.0,Estimate based on 2024/10
2025-04-17,130.0,125.0,138.0,Estimate based on 2024/10
2025-04-18,130.0,125.0,138.0,Estimate based on 2024/10
2025-04-19,130.0,125.0,138.0,Estimate based on 2024/10
2025-04-20,130.0,125.0,138.0,Estimate based on 2024/10
2025-04-21,130.0,125.0,138.0,Estimate based on 2024/10
2025-04-22,130.0,125.0,138.0,Estimate based on 2024/10
2025-04-23,130.0,125.0,138.0,Estimate based on 2024/10
2025-04-24,130.0,125.0,138.0,Estimate based on 2024/10
2025-04-25,130.0,125.0,138.0,Estimate based on 2024/10
2025-04-26,130.0,125.0,138.0,Estimate based on 2024/10
2025-04-27,130.0,125.0,138.0,Estimate based on 2024/10
2025-04-28,130.0,125.0,138.0,Estimate based on 2024/10
2025-04-29,130.0,125.0,138.0,Estimate based on 2024/10
2025-04-30,130.0,125.0,138.0,Estimate based on 2024/10
2025-05-01,132.0,127.0,140.0,Estimate based on trend
2025-05-02,132.0,127.0,140.0,Estimate based on trend
2025-05-03,132.0,127.0,140.0,Estimate based on trend
2025-05-04,132.0,127.0,140.0,Estimate based on trend
2025-05-05,132.0,127.0,140.0,Estimate based on trend
2025-05-06,132.0,127.0,140.0,Estimate based on trend
2025-05-07,132.0,127.0,140.0,Estimate based on trend
2025-05-08,132.0,127.0,140.0,Estimate based on trend
2025-05-09,132.0,127.0,140.0,Estimate based on trend
2025-05-10,132.0,127.0,140.0,Estimate based on trend
2025-05-11,132.0,127.0,140.0,Estimate based on trend
2025-05-12,132.0,127.0,140.0,Estimate based on trend
2025-05-13,132.0,127.0,140.0,Estimate based on trend
2025-05-14,132.0,127.0,140.0,Estimate based on trend
2025-05-15,132.0,127.0,140.0,Estimate based on trend
2025-05-16,132.0,127.0,140.0,Estimate based on trend
2025-05-17,132.0,127.0,140.0,Estimate based on trend
2025-05-18,132.0,127.0,140.0,Estimate based on trend
2025-05-19,132.0,127.0,140.0,Estimate based on trend
2025-05-20,132.0,127.0,140.0,Estimate based on trend
2025-05-21,132.0,127.0,140.0,Estimate based on trend
2025-05-22,132.0,127.0,140.0,Estimate based on trend
2025-05-23,132.0,127.0,140.0,Estimate based on trend
2025-05-24,132.0,127.0,140.0,Estimate based on trend
2025-05-25,132.0,127.0,140.0,Estimate based on trend
2025-05-26,132.0,127.0,140.0,Estimate based on trend
2025-05-27,132.0,127.0,140.0,Estimate based on trend
2025-05-28,132.0,127.0,140.0,Estimate based on trend
2025-05-29,132.0,127.0,140.0,Estimate based on trend
2025-05-30,132.0,127.0,140.0,Estimate based on trend
2025-05-31,132.0,127.0,140.0,Estimate based on trend
2025-06-01,132.0,127.0,140.0,Estimate based on trend
2025-06-02,132.0,127.0,140.0,Estimate based on trend
2025-06-03,132.0,127.0,140.0,Estimate based on trend
2025-06-04,132.0,127.0,140.0,Estimate based on trend
2025-06-05,132.0,127.0,140.0,Estimate based on trend
2025-06-06,132.0,127.0,140.0,Estimate based on trend
2025-06-07,132.0,127.0,140.0,Estimate based on trend
2025-06-08,132.0,127.0,140.0,Estimate based on trend
2025-06-09,132.0,127.0,140.0,Estimate based on trend
2025-06-10,132.0,127.0,140.0,Estimate based on trend
2025-06-11,132.0,127.0,140.0,Estimate based on trend
2025-06-12,132.0,127.0,140.0,Estimate based on trend
2025-06-13,132.0,127.0,140.0,Estimate based on trend
2025-06-14,132.0,127.0,140.0,Estimate based on trend
2025-06-15,132.0,127.0,140.0,Estimate based on trend
2025-06-16,132.0,127.0,140.0,Estimate based on trend
2025-06-17,132.0,127.0,140.0,Estimate based on trend
2025-06-18,132.0,127.0,140.0,Estimate based on trend
2025-06-19,132.0,127.0,140.0,Estimate based on trend
2025-06-20,132.0,127.0,140.0,Estimate based on trend
2025-06-21,132.0,127.0,140.0,Estimate based on trend
2025-06-22,132.0,127.0,140.0,Estimate based on trend
2025-06-23,132.0,127.0,140.0,Estimate based on trend
2025-06-24,132.0,127.0,140.0,Estimate based on trend
2025-06-25,132.0,127.0,140.0,Estimate based on trend
2025-06-26,132.0,127.0,140.0,Estimate based on trend
2025-06-27,132.0,127.0,140.0,Estimate based on trend
2025-06-28,132.0,127.0,140.0,Estimate based on trend
2025-06-29,132.0,127.0,140.0,Estimate based on trend
2025-06-30,132.0,127.0,140.0,Estimate based on trend
2025-07-01,132.0,127.0,140.0,Estimate based on trend
2025-07-02,132.0,127.0,140.0,Estimate based on trend
2025-07-03,132.0,127.0,140.0,Estimate based on trend
2025-07-04,132.0,127.0,140.0,Estimate based on trend
2025-07-05,132.0,127.0,140.0,Estimate based on trend
2025-07-06,132.0,127.0,140.0,Estimate based on trend
2025-07-07,132.0,127.0,140.0,Estimate based on trend
2025-07-08,132.0,127.0,140.0,Estimate based on trend
2025-07-09,132.0,127.0,140.0,Estimate based on trend
2025-07-10,132.0,127.0,140.0,Estimate based on trend
2025-07-11,132.0,127.0,140.0,Estimate based on trend
2025-07-12,132.0,127.0,140.0,Estimate based on trend
2025-07-13,132.0,127.0,140.0,Estimate based on trend
2025-07-14,132.0,127.0,140.0,Estimate based on trend
2025-07-15,132.0,127.0,140.0,Estimate based on trend
2025-07-16,132.0,127.0,140.0,Estimate based on trend
2025-07-17,132.0,127.0,140.0,Estimate based on trend
2025-07-18,132.0,127.0,140.0,Estimate based on trend
2025-07-19,132.0,127.0,140.0,Estimate based on trend
2025-07-20,132.0,127.0,140.0,Estimate based on trend
2025-07-21,132.0,127.0,140.0,Estimate based on trend
2025-07-22,132.0,127.0,140.0,Estimate based on trend
2025-07-23,132.0,127.0,140.0,Estimate based on trend
2025-07-24,132.0,127.0,140.0,Estimate based on trend
2025-07-25,132.0,127.0,140.0,Estimate based on trend
2025-07-26,132.0,127.0,140.0,Estimate based on trend
2025-07-27,132.0,127.0,140.0,Estimate based on trend
2025-07-28,132.0,127.0,140.0,Estimate based on trend
2025-07-29,132.0,127.0,140.0,Estimate based on trend
2025-07-30,132.0,127.0,140.0,Estimate based on trend
2025-07-31,132.0,127.0,140.0,Estimate based on trend
2025-08-01,132.0,127.0,140.0,Estimate based on trend
2025-08-02,132.0,127.0,140.0,Estimate based on trend
2025-08-03,132.0,127.0,140.0,Estimate based on trend
2025-08-04,132.0,127.0,140.0,Estimate based on trend
2025-08-05,132.0,127.0,140.0,Estimate based on trend
2025-08-06,132.0,127.0,140.0,Estimate based on trend
2025-08-07,132.0,127.0,140.0,Estimate based on trend
2025-08-08,132.0,127.0,140.0,Estimate based on trend
2025-08-09,132.0,127.0,140.0,Estimate based on trend
2025-08-10,132.0,127.0,140.0,Estimate based on trend
2025-08-11,132.0,127.0,140.0,Estimate based on trend
2025-08-12,132.0,127.0,140.0,Estimate based on trend
2025-08-13,132.0,127.0,140.0,Estimate based on trend
2025-08-14,132.0,127.0,140.0,Estimate based on trend
2025-08-15,132.0,127.0,140.0,Estimate based on trend
2025-08-16,132.0,127.0,140.0,Estimate based on trend
2025-08-17,132.0,127.0,140.0,Estimate based on trend
2025-08-18,132.0,127.0,140.0,Estimate based on trend
2025-08-19,132.0,127.0,140.0,Estimate based on trend
2025-08-20,132.0,127.0,140.0,Estimate based on trend
2025-08-21,132.0,127.0,140.0,Estimate based on trend
2025-08-22,132.0,127.0,140.0,Estimate based on trend
2025-08-23,132.0,127.0,140.0,Estimate based on trend
2025-08-24,132.0,127.0,140.0,Estimate based on trend
2025-08-25,132.0,127.0,140.0,Estimate based on trend
2025-08-26,132.0,127.0,140.0,Estimate based on trend
2025-08-27,132.0,127.0,140.0,Estimate based on trend
2025-08-28,132.0,127.0,140.0,Estimate based on trend
2025-08-29,132.0,127.0,140.0,Estimate based on trend
2025-08-30,132.0,127.0,140.0,Estimate based on trend
2025-08-31,132.0,127.0,140.0,Estimate based on trend
2025-09-01,132.0,127.0,140.0,Estimate based on trend
2025-09-02,132.0,127.0,140.0,Estimate based on trend
2025-09-03,132.0,127.0,140.0,Estimate based on trend
2025-09-04,132.0,127.0,140.0,Estimate based on trend
2025-09-05,132.0,127.0,140.0,Estimate based on trend
2025-09-06,132.0,127.0,140.0,Estimate based on trend
2025-09-07,132.0,127.0,140.0,Estimate based on trend
2025-09-08,132.0,127.0,140.0,Estimate based on trend
2025-09-09,132.0,127.0,140.0,Estimate based on trend
2025-09-10,132.0,127.0,140.0,Estimate based on trend
2025-09-11,132.0,127.0,140.0,Estimate based on trend
2025-09-12,132.0,127.0,140.0,Estimate based on trend
2025-09-13,132.0,127.0,140.0,Estimate based on trend
2025-09-14,132.0,127.0,140.0,Estimate based on trend
2025-09-15,132.0,127.0,140.0,Estimate based on trend
2025-09-16,132.0,127.0,140.0,Estimate based on trend
2025-09-17,132.0,127.0,140.0,Estimate based on trend
2025-09-18,132.0,127.0,140.0,Estimate based on trend
2025-09-19,132.0,127.0,140.0,Estimate based on trend
2025-09-20,132.0,127.0,140.0,Estimate based on trend
2025-09-21,132.0,127.0,140.0,Estimate based on trend
2025-09-22,132.0,127.0,140.0,Estimate based on trend
2025-09-23,132.0,127.0,140.0,Estimate based on trend
2025-09-24,132.0,127.0,140.0,Estimate based on trend
2025-09-25,132.0,127.0,140.0,Estimate based on trend
2025-09-26,132.0,127.0,140.0,Estimate based on trend
2025-09-27,132.0,127.0,140.0,Estimate based on trend
2025-09-28,132.0,127.0,140.0,Estimate based on trend
2025-09-29,132.0,127.0,140.0,Estimate based on trend
2025-09-30,132.0,127.0,140.0,Estimate based on trend
2025-10-01,135.0,130.0,145.0,Estimate based on trend
2025-10-02,135.0,130.0,145.0,Estimate based on trend
2025-10-03,135.0,130.0,145.0,Estimate based on trend
2025-10-04,135.0,130.0,145.0,Estimate based on trend
2025-10-05,135.0,130.0,145.0,Estimate based on trend
2025-10-06,135.0,130.0,145.0,Estimate based on trend
2025-10-07,135.0,130.0,145.0,Estimate based on trend
2025-10-08,135.0,130.0,145.0,Estimate based on trend
2025-10-09,135.0,130.0,145.0,Estimate based on trend
2025-10-10,135.0,130.0,145.0,Estimate based on trend
2025-10-11,135.0,130.0,145.0,Estimate based on trend
2025-10-12,135.0,130.0,145.0,Estimate based on trend
2025-10-13,135.0,130.0,145.0,Estimate based on trend
2025-10-14,135.0,130.0,145.0,Estimate based on trend
2025-10-15,135.0,130.0,145.0,Estimate based on trend
2025-10-16,135.0,130.0,145.0,Estimate based on trend
2025-10-17,135.0,130.0,145.0,Estimate based on trend
2025-10-18,135.0,130.0,145.0,Estimate based on trend
2025-10-19,135.0,130.0,145.0,Estimate based on trend
2025-10-20,135.0,130.0,145.0,Estimate based on trend
2025-10-21,135.0,130.0,145.0,Estimate based on trend
2025-10-22,135.0,130.0,145.0,Estimate based on trend
2025-10-23,135.0,130.0,145.0,Estimate based on trend
2025-10-24,135.0,130.0,145.0,Estimate based on trend
2025-10-25,135.0,130.0,145.0,Estimate based on trend
2025-10-26,135.0,130.0,145.0,Estimate based on trend
2025-10-27,135.0,130.0,145.0,Estimate based on trend
2025-10-28,135.0,130.0,145.0,Estimate based on trend
2025-10-29,135.0,130.0,145.0,Estimate based on trend
2025-10-30,135.0,130.0,145.0,Estimate based on trend
2025-10-31,135.0,130.0,145.0,Estimate based on trend
2025-11-01,135.0,130.0,145.0,Estimate based on trend
2025-11-02,135.0,130.0,145.0,Estimate based on trend
2025-11-03,135.0,130.0,145.0,Estimate based on trend
2025-11-04,135.0,130.0,145.0,Estimate based on trend
2025-11-05,135.0,130.0,145.0,Estimate based on trend
2025-11-06,135.0,130.0,145.0,Estimate based on trend
2025-11-07,135.0,130.0,145.0,Estimate based on trend
2025-11-08,135.0,130.0,145.0,Estimate based on trend
2025-11-09,135.0,130.0,145.0,Estimate based on trend
2025-11-10,135.0,130.0,145.0,Estimate based on trend
2025-11-11,135.0,130.0,145.0,Estimate based on trend
2025-11-12,135.0,130.0,145.0,Estimate based on trend
2025-11-13,135.0,130.0,145.0,Estimate based on trend
2025-11-14,135.0,130.0,145.0,Estimate based on trend
2025-11-15,135.0,130.0,145.0,Estimate based on trend
2025-11-16,135.0,130.0,145.0,Estimate based on trend
2025-11-17,135.0,130.0,145.0,Estimate based on trend
2025-11-18,135.0,130.0,145.0,Estimate based on trend
2025-11-19,135.0,130.0,145.0,Estimate based on trend
2025-11-20,135.0,130.0,145.0,Estimate based on trend
2025-11-21,135.0,130.0,145.0,Estimate based on trend
2025-11-22,135.0,130.0,145.0,Estimate based on trend
2025-11-23,135.0,130.0,145.0,Estimate based on trend
2025-11-24,135.0,130.0,145.0,Estimate based on trend
2025-11-25,135.0,130.0,145.0,Estimate based on trend
2025-11-26,135.0,130.0,145.0,Estimate based on trend
2025-11-27,135.0,130.0,145.0,Estimate based on trend
2025-11-28,135.0,130.0,145.0,Estimate based on trend
2025-11-29,135.0,130.0,145.0,Estimate based on trend
2025-11-30,135.0,130.0,145.0,Estimate based on trend
2025-12-01,135.0,130.0,145.0,Estimate based on trend
2025-12-02,135.0,130.0,145.0,Estimate based on trend
2025-12-03,135.0,130.0,145.0,Estimate based on trend
2025-12-04,135.0,130.0,145.0,Estimate based on trend
2025-12-05,135.0,130.0,145.0,Estimate based on trend
2025-12-06,135.0,130.0,145.0,Estimate based on trend
2025-12-07,135.0,130.0,145.0,Estimate based on trend
2025-12-08,135.0,130.0,145.0,Estimate based on trend
2025-12-09,135.0,130.0,145.0,Estimate based on trend
2025-12-10,135.0,130.0,145.0,Estimate based on trend
2025-12-11,135.0,130.0,145.0,Estimate based on trend
2025-12-12,135.0,130.0,145.0,Estimate based on trend
2025-12-13,135.0,130.0,145.0,Estimate based on trend
2025-12-14,135.0,130.0,145.0,Estimate based on trend
2025-12-15,135.0,130.0,145.0,Estimate based on trend
2025-12-16,135.0,130.0,145.0,Estimate based on trend
2025-12-17,135.0,130.0,145.0,Estimate based on trend
2025-12-18,135.0,130.0,145.0,Estimate based on trend
2025-12-19,135.0,130.0,145.0,Estimate based on trend
2025-12-20,135.0,130.0,145.0,Estimate based on trend
2025-12-21,135.0,130.0,145.0,Estimate based on trend
2025-12-22,135.0,130.0,145.0,Estimate based on trend
2025-12-23,135.0,130.0,145.0,Estimate based on trend
2025-12-24,135.0,130.0,145.0,Estimate based on trend
2025-12-25,135.0,130.0,145.0,Estimate based on trend
2025-12-26,135.0,130.0,145.0,Estimate based on trend
2025-12-27,135.0,130.0,145.0,Estimate based on trend
2025-12-28,135.0,130.0,145.0,Estimate based on trend
2025-12-29,135.0,130.0,145.0,Estimate based on trend
2025-12-30,135.0,130.0,145.0,Estimate based on trend
2025-12-31,135.0,130.0,145.0,Estimate based on trend
